T_MeV,nue_n_capture_s_inv,positron_n_capture_s_inv,neutron_beta_decay_s_inv,nuebar_p_capture_s_inv,electron_p_capture_s_inv,inverse_neutron_beta_decay_s_inv,electron_nue_pair_relative_residual,positron_nuebar_pair_relative_residual,beta_inverse_pair_relative_residual,six_process_total_relative_residual,five_process_total_relative_residual,missing_fraction_of_six_p_to_n,six_over_five_p_to_n_minus_one,order_96_to_192_max_relative_change,tail_60_to_80_max_relative_change
10.0,48330.734519658705,48330.236271458765,0.00030291777771759246,42466.86558470449,42467.30338598516,0.00026616812873201604,4.440892098500626e-16,2.220446049250313e-16,0.0,4.440892098500626e-16,-3.1338164285799053e-09,3.133816826885622e-09,3.1338169836914176e-09,1.4654943925052066e-14,8.104628079763643e-15
5.0,1607.4706129644226,1607.337833824332,0.00032201158859474844,1240.994183245765,1241.0966994293833,0.0002486188652904475,0.0,0.0,4.440892098500626e-16,0.0,-1.0016508344978803e-07,1.0016508344753341e-07,1.0016509355281755e-07,1.4654943925052066e-14,1.5543122344752192e-15
2.0,19.668422093636284,19.643006928158076,0.0003814485215835237,10.288792679377377,10.302104865717975,0.00019979857314014068,0.0,2.220446049250313e-16,0.0,-2.220446049250313e-16,-9.703153251439112e-06,9.703153251401451e-06,9.703247403347603e-06,1.4432899320127035e-14,3.552713678800501e-15
1.0,0.8046616869343188,0.7965584045189472,0.0004838266319255739,0.21853978779146085,0.22076296390688835,0.00013274025968344058,0.0,2.220446049250313e-16,2.220446049250313e-16,2.220446049250313e-16,-0.0003020699559153073,0.0003020699559154354,0.0003021612297449128,1.4654943925052066e-14,3.774758283725532e-15
0.8,0.2982616033247101,0.29256122621928926,0.0005345282462491708,0.05809087037891441,0.05922273556768595,0.00010613577017022274,-1.1102230246251565e-16,0.0,0.0,0.0,-0.0009039005589558391,0.0009039005589556989,0.0009047183343637855,1.4654943925052066e-14,3.9968028886505635e-15
0.5,0.03963337344864105,0.03692745429338842,0.0006756022582070887,0.0027795542502026508,0.002983230599753609,5.08530350705015e-05,0.0,-2.220446049250313e-16,2.220446049250313e-16,0.0,-0.008747196862996076,0.008747196862996123,0.008824385500160847,1.4654943925052066e-14,3.9968028886505635e-15
0.3,0.004997134003267,0.003879984321805726,0.0008631413915053652,5.2064249602398234e-05,6.705491838730982e-05,1.1582214030334627e-05,4.440892098500626e-16,4.440892098500626e-16,2.220446049250313e-16,4.440892098500626e-16,-0.08861584974333692,0.08861584974333728,0.09723216024590897,1.4654943925052066e-14,4.440892098500626e-15
0.25,0.002464243313923377,0.0016802245334796755,0.0009266871151530988,9.519604219409039e-06,1.3961598930051127e-05,5.250306965351866e-06,0.0,0.0,2.220446049250313e-16,-1.1102230246251565e-16,-0.18273689563728024,0.18273689563728018,0.2235961646399951,1.4654943925052066e-14,4.6629367034256575e-15
0.2,0.0010609196799580415,0.000572320550506229,0.0009936150179786368,8.896184975396229e-07,1.649099915876983e-06,1.544481145478874e-06,6.661338147750939e-16,2.220446049250313e-16,4.440892098500626e-16,6.661338147750939e-16,-0.3782526724940821,0.37825267249408245,0.6083704034746855,1.4654943925052066e-14,5.10702591327572e-15
0.1,8.931303725314888e-05,9.622853903879651e-06,0.0011058571949119425,2.32505280185533e-11,2.1579619682672524e-10,2.671947839138726e-09,1.3322676295501878e-15,4.440892098500626e-16,6.661338147750939e-16,6.661338147750939e-16,-0.9178814251998746,0.9178814251998747,11.177512851799692,1.4654943925052066e-14,5.551115123125783e-15
0.08,4.186299010803602e-05,1.730476353442473e-06,0.0011192156307452978,1.648453985810326e-13,3.987873787714505e-12,1.0661662401875961e-10,6.661338147750939e-16,8.881784197001252e-16,4.440892098500626e-16,4.440892098500626e-16,-0.9625102120664554,0.9625102120664554,25.673930558706452,1.509903313490213e-14,5.10702591327572e-15
0.05,8.891839421327158e-06,1.580871892356365e-08,0.0011319243737975848,9.228997610490051e-20,5.1909813292948775e-17,6.608079624631886e-15,1.5543122344752192e-15,2.220446049250313e-15,1.3322676295501878e-15,1.3322676295501878e-15,-0.9921919722019023,0.9921919722019023,127.07331452426729,1.5987211554602254e-14,5.329070518200751e-15
0.02,4.907090085747135e-07,7.497264699027959e-16,0.0011367424151548559,6.173727886808507e-44,4.0408122324114285e-35,9.360665029566674e-32,1.3322676295501878e-15,3.774758283725532e-15,1.9984014443252818e-15,1.7763568394002505e-15,-0.999568506228936,0.9995685062289361,2316.53055793659,1.509903313490213e-14,5.10702591327572e-15
