section,pair_elasticity_absolute_error_target,max_each_endpoint_log_output_error,max_each_endpoint_error_ppm_small_error_limit,assumed_pair_averaged_neutrino_elasticity_abs,sigma_level,max_each_endpoint_log_output_sigma,max_each_endpoint_sigma_ppm_small_error_limit,delta_ln_nu_amplitude,delta_ln_em_amplitude,rho
worst_case_elasticity_accuracy,0.1,0.0004327338824892393,432.7338824892393,,,,,0.008654677649784786,3.98597101534914e-06,0.000460556842974765
worst_case_elasticity_accuracy,0.05,0.00021636694124461966,216.36694124461965,,,,,0.008654677649784786,3.98597101534914e-06,0.000460556842974765
worst_case_elasticity_accuracy,0.02,8.654677649784787e-05,86.54677649784787,,,,,0.008654677649784786,3.98597101534914e-06,0.000460556842974765
worst_case_elasticity_accuracy,0.01,4.3273388248923934e-05,43.273388248923936,,,,,0.008654677649784786,3.98597101534914e-06,0.000460556842974765
worst_case_elasticity_accuracy,0.005,2.1636694124461967e-05,21.636694124461968,,,,,0.008654677649784786,3.98597101534914e-06,0.000460556842974765
worst_case_elasticity_accuracy,0.001,4.3273388248923935e-06,4.327338824892394,,,,,0.008654677649784786,3.98597101534914e-06,0.000460556842974765
gaussian_detectability,,,,1.0,3,0.0020399270850488243,2039.9270850488242,0.008654677649784786,3.98597101534914e-06,0.000460556842974765
gaussian_detectability,,,,1.0,5,0.0012239562510292948,1223.956251029295,0.008654677649784786,3.98597101534914e-06,0.000460556842974765
gaussian_detectability,,,,0.3,3,0.0006119781255146473,611.9781255146473,0.008654677649784786,3.98597101534914e-06,0.000460556842974765
gaussian_detectability,,,,0.3,5,0.0003671868753087884,367.18687530878844,0.008654677649784786,3.98597101534914e-06,0.000460556842974765
gaussian_detectability,,,,0.1,3,0.00020399270850488246,203.99270850488244,0.008654677649784786,3.98597101534914e-06,0.000460556842974765
gaussian_detectability,,,,0.1,5,0.00012239562510292948,122.39562510292949,0.008654677649784786,3.98597101534914e-06,0.000460556842974765
gaussian_detectability,,,,0.03,3,6.119781255146473e-05,61.19781255146473,0.008654677649784786,3.98597101534914e-06,0.000460556842974765
gaussian_detectability,,,,0.03,5,3.671868753087884e-05,36.71868753087884,0.008654677649784786,3.98597101534914e-06,0.000460556842974765
gaussian_detectability,,,,0.01,3,2.0399270850488246e-05,20.399270850488247,0.008654677649784786,3.98597101534914e-06,0.000460556842974765
gaussian_detectability,,,,0.01,5,1.2239562510292949e-05,12.239562510292949,0.008654677649784786,3.98597101534914e-06,0.000460556842974765
