index,dstate_dx
0.000000000000000000e+00,1.062443556805445539e-11
1.000000000000000000e+00,1.012285236303522905e-11
2.000000000000000000e+00,9.621280281031424325e-12
3.000000000000000000e+00,9.119717229668578956e-12
4.000000000000000000e+00,8.618161116602073819e-12
5.000000000000000000e+00,8.116609849492784400e-12
6.000000000000000000e+00,7.615061335982853449e-12
7.000000000000000000e+00,7.113513483671458797e-12
8.000000000000000000e+00,6.611964200090606197e-12
9.000000000000000000e+00,6.110411392680953683e-12
1.000000000000000000e+01,5.608852968767623807e-12
1.100000000000000000e+01,5.107286835536101502e-12
1.200000000000000000e+01,4.605710900008093976e-12
1.300000000000000000e+01,4.104123069017478665e-12
1.400000000000000000e+01,3.602521249186274195e-12
1.500000000000000000e+01,3.100903346900684865e-12
1.600000000000000000e+01,2.599267268287143908e-12
1.700000000000000000e+01,2.097610919188487625e-12
1.800000000000000000e+01,1.595932205140128704e-12
1.900000000000000000e+01,1.094229031346343640e-12
2.000000000000000000e+01,5.924993026566148864e-13
2.100000000000000000e+01,6.838885298897233611e-12
2.200000000000000000e+01,6.551658203380209904e-12
2.300000000000000000e+01,6.264427631310564566e-12
2.400000000000000000e+01,5.977194213438888273e-12
2.500000000000000000e+01,5.689958580482674780e-12
2.600000000000000000e+01,5.402721363148521519e-12
2.700000000000000000e+01,5.115483192154452967e-12
2.800000000000000000e+01,4.828244698252240794e-12
2.900000000000000000e+01,4.541006512249732891e-12
3.000000000000000000e+01,4.253769265033173515e-12
3.100000000000000000e+01,3.966533587589491929e-12
3.200000000000000000e+01,3.679300111028615274e-12
3.300000000000000000e+01,3.392069466605731365e-12
3.400000000000000000e+01,3.104842285743555512e-12
3.500000000000000000e+01,2.817619200054567472e-12
3.600000000000000000e+01,2.530400841363244341e-12
3.700000000000000000e+01,2.243187841728239341e-12
3.800000000000000000e+01,1.955980833464565041e-12
3.900000000000000000e+01,1.668780449165728718e-12
4.000000000000000000e+01,1.381587321725846716e-12
4.100000000000000000e+01,1.094402084361722654e-12
4.200000000000000000e+01,6.535617527052487292e-12
4.300000000000000000e+01,6.257811208190581125e-12
4.400000000000000000e+01,5.979997242866342691e-12
4.500000000000000000e+01,5.702177092703199281e-12
4.600000000000000000e+01,5.424352219328248799e-12
4.700000000000000000e+01,5.146524084374015907e-12
4.800000000000000000e+01,4.868694149480343874e-12
4.900000000000000000e+01,4.590863876296283204e-12
5.000000000000000000e+01,4.313034726481973788e-12
5.100000000000000000e+01,4.035208161710523029e-12
5.200000000000000000e+01,3.757385643669858110e-12
5.300000000000000000e+01,3.479568634064586344e-12
5.400000000000000000e+01,3.201758594617808668e-12
5.500000000000000000e+01,2.923956987072931932e-12
5.600000000000000000e+01,2.646165273195447657e-12
5.700000000000000000e+01,2.368384914774693431e-12
5.800000000000000000e+01,2.090617373625567045e-12
5.900000000000000000e+01,1.812864111590229526e-12
6.000000000000000000e+01,1.535126590539753841e-12
6.100000000000000000e+01,1.257406272375748162e-12
6.200000000000000000e+01,9.797046190319320680e-13
6.300000000000000000e+01,6.266081067526600712e-02
6.400000000000000000e+01,2.642735033061889638e+01
