q,p_MeV,S_pre_nue,S_pre_nuebar,S_pre_numu,S_pre_numubar,S_pre_nutau,S_pre_nutaubar,actual_native_dJdt_source_nue,actual_native_dJdt_source_nuebar,actual_native_dJdt_source_numu,actual_native_dJdt_source_numubar,actual_native_dJdt_source_nutau,actual_native_dJdt_source_nutaubar,independent_mixed_S_nue,independent_mixed_S_nuebar,independent_mixed_S_numu,independent_mixed_S_numubar,independent_mixed_S_nutau,independent_mixed_S_nutaubar
0.01,0.0012774972500000001,6.1412872098022876e-19,6.1412872098022876e-19,3.0706683565822296e-19,3.0706683565822296e-19,0,0,4.0781732388510312e-19,4.0781732388510312e-19,2.6250955976504404e-19,2.6250955976504404e-19,2.5086867298830461e-19,2.5086867298830461e-19,4.0781732388510307e-19,4.0781732388510307e-19,2.6250955976504399e-19,2.6250955976504399e-19,2.5086867298830461e-19,2.5086867298830461e-19
6.632890962497668,0.8473499964140625,2.6586019722897661e-13,2.6586019722897661e-13,1.3365239139630089e-13,1.3365239139630089e-13,0,0,1.7670699282421639e-13,1.7670699282421639e-13,1.1393803200184812e-13,1.1393803200184812e-13,1.08867563799213e-13,1.08867563799213e-13,1.7670699282421644e-13,1.7670699282421644e-13,1.1393803200184815e-13,1.1393803200184815e-13,1.0886756379921299e-13,1.0886756379921299e-13
13.255781924995336,1.693422495578125,1.0445553031157004e-12,1.0445553031157004e-12,5.2804293618584217e-13,5.2804293618584217e-13,0,0,6.9492626348189884e-13,6.9492626348189884e-13,4.4885987487609628e-13,4.4885987487609628e-13,4.2881210094354723e-13,4.2881210094354723e-13,6.9492626348189904e-13,6.9492626348189904e-13,4.4885987487609618e-13,4.4885987487609618e-13,4.2881210094354728e-13,4.2881210094354728e-13
19.878672887493007,2.5394949947421877,2.3102008216944393e-12,2.3102008216944393e-12,1.1745435714039751e-12,1.1745435714039751e-12,0,0,1.5384282170096854e-12,1.5384282170096854e-12,9.9547166792289911e-13,9.9547166792289911e-13,9.5084450816583168e-13,9.5084450816583168e-13,1.5384282170096852e-12,1.5384282170096852e-12,9.9547166792289911e-13,9.9547166792289911e-13,9.5084450816583147e-13,9.5084450816583147e-13
26.501563849990674,3.3855674939062501,4.0369116428707393e-12,4.0369116428707393e-12,2.0645259270192153e-12,2.0645259270192153e-12,0,0,2.690983078069013e-12,2.690983078069013e-12,1.7444792168120665e-12,1.7444792168120665e-12,1.6659752750088763e-12,1.6659752750088763e-12,2.6909830780690134e-12,2.6909830780690134e-12,1.7444792168120661e-12,1.7444792168120661e-12,1.6659752750088759e-12,1.6659752750088759e-12
33.124454812488338,4.2316399930703117,6.1988026565501449e-12,6.1988026565501449e-12,3.1893616330000767e-12,3.1893616330000767e-12,0,0,4.136361275626462e-12,4.136361275626462e-12,2.6865882630674095e-12,2.6865882630674095e-12,2.5652147508563509e-12,2.5652147508563509e-12,4.136361275626462e-12,4.136361275626462e-12,2.6865882630674091e-12,2.6865882630674091e-12,2.5652147508563501e-12,2.5652147508563501e-12
39.747345774986009,5.077712492234375,8.7699887526382093e-12,8.7699887526382093e-12,4.5404223193150779e-12,4.5404223193150779e-12,0,0,5.8583334198170047e-12,5.8583334198170047e-12,3.8125044910412793e-12,3.8125044910412793e-12,3.6395731610950016e-12,3.6395731610950016e-12,5.8583334198170047e-12,5.8583334198170047e-12,3.8125044910412793e-12,3.8125044910412793e-12,3.6395731610950016e-12,3.6395731610950016e-12
46.370236737483673,5.9237849913984366,1.1724584821040468e-11,1.1724584821040468e-11,6.1090796159327311e-12,6.1090796159327311e-12,0,0,7.8406702788074272e-12,7.8406702788074272e-12,5.1129335348888902e-12,5.1129335348888902e-12,4.8800606232768847e-12,4.8800606232768847e-12,7.840670278807424e-12,7.840670278807424e-12,5.1129335348888886e-12,5.1129335348888886e-12,4.8800606232768831e-12,4.8800606232768831e-12
52.993127699981343,6.7698574905625,1.5036705751662482e-11,1.5036705751662482e-11,7.8867051528215559e-12,7.8867051528215559e-12,0,0,1.0067142755659905e-11,1.0067142755659905e-11,6.5785809855425104e-12,6.5785809855425104e-12,6.2776871632816078e-12,6.2776871632816078e-12,1.006714275565991e-11,1.006714275565991e-11,6.5785809855425128e-12,6.5785809855425128e-12,6.2776871632816102e-12,6.2776871632816102e-12
59.616018662479014,7.6159299897265624,1.8680466434409788e-11,1.8680466434409788e-11,9.8646705599500636e-12,9.8646705599500636e-12,0,0,1.2521521865195651e-11,1.2521521865195651e-11,8.2001523976855573e-12,8.2001523976855573e-12,7.8234627314786367e-12,7.8234627314786367e-12,1.2521521865195652e-11,1.2521521865195652e-11,8.2001523976855573e-12,8.2001523976855573e-12,7.8234627314786367e-12,7.8234627314786367e-12
66.238909624976685,8.4620024888906258,2.2629981759187932e-11,2.2629981759187932e-11,1.2034347467286774e-11,1.2034347467286774e-11,0,0,1.5187578710858506e-11,1.5187578710858506e-11,9.9683532967266362e-12,9.9683532967266362e-12,9.5083972188895774e-12,9.5083972188895774e-12,1.5187578710858506e-11,1.5187578710858506e-11,9.9683532967266346e-12,9.9683532967266346e-12,9.5083972188895758e-12,9.5083972188895758e-12
72.861800587474349,9.3080749880546865,2.6859366615902448e-11,2.6859366615902448e-11,1.4387107504800193e-11,1.4387107504800193e-11,0,0,1.8049084461578549e-11,1.8049084461578549e-11,1.1873889185773579e-11,1.1873889185773579e-11,1.132350047335051e-11,1.132350047335051e-11,1.8049084461578543e-11,1.8049084461578543e-11,1.1873889185773579e-11,1.1873889185773579e-11,1.1323500473350506e-11,1.1323500473350506e-11
79.484691549972027,10.154147487218751,3.1342735894458928e-11,3.1342735894458928e-11,1.6914322302458853e-11,1.6914322302458853e-11,0,0,2.1089810328635676e-11,2.1089810328635676e-11,1.3907465552607659e-11,1.3907465552607659e-11,1.3259782315674447e-11,1.3259782315674447e-11,2.1089810328635676e-11,2.1089810328635676e-11,1.3907465552607657e-11,1.3907465552607657e-11,1.3259782315674447e-11,1.3259782315674447e-11
86.107582512469691,11.000219986382813,3.6054204484762863e-11,3.6054204484762863e-11,1.960736349023125e-11,1.960736349023125e-11,0,0,2.4293527542522788e-11,2.4293527542522788e-11,1.6059787876657698e-11,1.6059787876657698e-11,1.5308252555813649e-11,1.5308252555813649e-11,2.4293527542522782e-11,2.4293527542522782e-11,1.6059787876657694e-11,1.6059787876657694e-11,1.5308252555813646e-11,1.5308252555813646e-11
92.730473474967354,11.846292485546874,4.0967887276719836e-11,4.0967887276719836e-11,2.2457602698085912e-11,2.2457602698085912e-11,0,0,2.7644007329808963e-11,2.7644007329808963e-11,1.83215616359746e-11,1.83215616359746e-11,1.7459921009022185e-11,1.7459921009022185e-11,2.7644007329808966e-11,2.7644007329808966e-11,1.8321561635974596e-11,1.8321561635974596e-11,1.7459921009022178e-11,1.7459921009022178e-11
99.353364437465032,12.692364984710938,4.6057899160235376e-11,4.6057899160235376e-11,2.545641155599136e-11,2.545641155599136e-11,0,0,3.1125020890002396e-11,3.1125020890002396e-11,2.0683492314205928e-11,2.0683492314205928e-11,1.970579751201844e-11,1.970579751201844e-11,3.1125020890002396e-11,3.1125020890002396e-11,2.0683492314205925e-11,2.0683492314205925e-11,1.9705797512018443e-11,1.9705797512018443e-11
105.9762553999627,13.538437483875001,5.1298355025215037e-11,5.1298355025215037e-11,2.8595161693916095e-11,2.8595161693916095e-11,0,0,3.4720339372412628e-11,3.4720339372412628e-11,2.3136285407570824e-11,2.3136285407570824e-11,2.2036891939147665e-11,2.2036891939147665e-11,3.4720339372412628e-11,3.4720339372412628e-11,2.3136285407570827e-11,2.3136285407570827e-11,2.2036891939147668e-11,2.2036891939147668e-11
112.59914636246036,14.384509983039063,5.6663369761564356e-11,5.6663369761564356e-11,3.1865224741828632e-11,3.1865224741828632e-11,0,0,3.8413733853012975e-11,3.8413733853012975e-11,2.5670646431835301e-11,2.5670646431835301e-11,2.4444214218544673e-11,2.4444214218544673e-11,3.8413733853012988e-11,3.8413733853012988e-11,2.5670646431835305e-11,2.5670646431835305e-11,2.444421421854468e-11,2.444421421854468e-11
119.22203732495804,15.230582482203125,6.2127058259188894e-11,6.2127058259188894e-11,3.5257972329697495e-11,3.5257972329697495e-11,0,0,4.2188975311302019e-11,4.2188975311302019e-11,2.8277280929287847e-11,2.8277280929287847e-11,2.6918774348296565e-11,2.6918774348296565e-11,4.2188975311302013e-11,4.2188975311302013e-11,2.8277280929287837e-11,2.8277280929287837e-11,2.6918774348296561e-11,2.6918774348296561e-11
125.8449282874557,16.076654981367188,6.7663535407994178e-11,6.7663535407994178e-11,3.8764776087491205e-11,3.8764776087491205e-11,0,0,4.6029834607164589e-11,4.6029834607164589e-11,3.0946894475715406e-11,3.0946894475715406e-11,2.9451582412605387e-11,2.9451582412605387e-11,4.6029834607164602e-11,4.6029834607164602e-11,3.0946894475715413e-11,3.0946894475715413e-11,2.9451582412605394e-11,2.9451582412605394e-11
132.46781924995335,16.922727480531247,7.3246916097885771e-11,7.3246916097885771e-11,4.2377007645178244e-11,4.2377007645178244e-11,0,0,4.9920082457732718e-11,4.9920082457732718e-11,3.3670192687380122e-11,3.3670192687380122e-11,3.2033648597951168e-11,3.2033648597951168e-11,4.9920082457732712e-11,4.9920082457732712e-11,3.3670192687380116e-11,3.3670192687380116e-11,3.2033648597951162e-11,3.2033648597951162e-11
139.09071021245103,17.768799979695313,7.8851315218769246e-11,7.8851315218769246e-11,4.6086038632727194e-11,4.6086038632727194e-11,0,0,5.3843489414245391e-11,5.3843489414245391e-11,3.6437881227996326e-11,3.6437881227996326e-11,3.4655983209254776e-11,3.4655983209254776e-11,5.3843489414245391e-11,5.3843489414245391e-11,3.6437881227996326e-11,3.6437881227996326e-11,3.4655983209254776e-11,3.4655983209254776e-11
145.71360117494868,18.614872478859372,8.4450847660550087e-11,8.4450847660550087e-11,4.98832406801065e-11,4.98832406801065e-11,0,0,5.7783825838907621e-11,5.7783825838907621e-11,3.9240665815708129e-11,3.9240665815708129e-11,3.7309596686040837e-11,3.7309596686040837e-11,5.7783825838907621e-11,5.7783825838907621e-11,3.9240665815708129e-11,3.9240665815708129e-11,3.7309596686040837e-11,3.7309596686040837e-11
152.33649213744636,19.460944978023434,9.0019628313133856e-11,9.0019628313133856e-11,5.375998541728471e-11,5.375998541728471e-11,0,0,6.1724861881749488e-11,6.1724861881749488e-11,4.2069252230068046e-11,4.2069252230068046e-11,3.9985499618601065e-11,3.9985499618601065e-11,6.1724861881749488e-11,6.1724861881749488e-11,4.2069252230068039e-11,4.2069252230068039e-11,3.9985499618601065e-11,3.9985499618601065e-11
158.95938309994403,20.3070174771875,9.5531772066426152e-11,9.5531772066426152e-11,5.7707644474230359e-11,5.7707644474230359e-11,0,0,6.565036745748343e-11,6.565036745748343e-11,4.4914346319015759e-11,4.4914346319015759e-11,4.2674702764157276e-11,4.2674702764157276e-11,6.565036745748343e-11,6.565036745748343e-11,4.4914346319015759e-11,4.4914346319015759e-11,4.2674702764157276e-11,4.2674702764157276e-11
165.58227406244168,21.153089976351559,1.0096139381033246e-10,1.0096139381033246e-10,6.1717589480911905e-11,6.1717589480911905e-11,0,0,6.9544112222361447e-11,6.9544112222361447e-11,4.7766654005858152e-11,4.7766654005858152e-11,4.5368217063024809e-11,4.5368217063024809e-11,6.9544112222361434e-11,6.9544112222361434e-11,4.7766654005858159e-11,4.7766654005858159e-11,4.5368217063024796e-11,4.5368217063024796e-11
172.20516502493936,21.999162475515622,1.0628260843475838e-10,1.0628260843475838e-10,6.5781192067297936e-11,6.5781192067297936e-11,0,0,7.3389865551030757e-11,7.3389865551030757e-11,5.0616881296249765e-11,5.0616881296249765e-11,4.8057053654775808e-11,4.8057053654775808e-11,7.3389865551030744e-11,7.3389865551030744e-11,5.0616881296249752e-11,5.0616881296249752e-11,4.8057053654775808e-11,4.8057053654775808e-11
178.82805598743704,22.845234974679688,1.1146953082960943e-10,1.1146953082960943e-10,6.9889823863356929e-11,6.9889823863356929e-11,0,0,7.7171396513389229e-11,7.7171396513389229e-11,5.3455734285174272e-11,5.3455734285174272e-11,5.0732223894402892e-11,5.0732223894402892e-11,7.7171396513389229e-11,7.7171396513389229e-11,5.3455734285174279e-11,5.3455734285174279e-11,5.0732223894402892e-11,5.0732223894402892e-11
185.45094694993469,23.691307473843747,1.1649627588479114e-10,1.1649627588479114e-10,7.4034856499057373e-11,7.4034856499057373e-11,0,0,8.0872473851438899e-11,8.0872473851438899e-11,5.6273919163927019e-11,5.6273919163927019e-11,5.3384739368482586e-11,5.3384739368482586e-11,8.0872473851438899e-11,8.0872473851438899e-11,5.6273919163927013e-11,5.6273919163927013e-11,5.338473936848258e-11,5.338473936848258e-11
192.07383791243237,24.537379973007809,1.2133695849020908e-10,1.2133695849020908e-10,7.8207661604367812e-11,7.8207661604367812e-11,0,0,8.4476865956139435e-11,8.4476865956139435e-11,5.9062142227098246e-11,5.9062142227098246e-11,5.600561191133923e-11,5.600561191133923e-11,8.4476865956139422e-11,8.4476865956139422e-11,5.9062142227098233e-11,5.9062142227098233e-11,5.6005611911339224e-11,5.6005611911339224e-11
198.69672887493005,25.383452472171875,1.2596569353576878e-10,1.2596569353576878e-10,8.23996108092568e-11,8.23996108092568e-11,0,0,8.7968340844259339e-11,8.7968340844259339e-11,6.1811109879557513e-11,6.1811109879557513e-11,5.8585853621208703e-11,5.8585853621208703e-11,8.7968340844259326e-11,8.7968340844259326e-11,6.1811109879557513e-11,6.1811109879557513e-11,5.8585853621208703e-11,5.8585853621208703e-11
205.31961983742769,26.229524971335934,1.3035659591137582e-10,1.3035659591137582e-10,8.6602075743692749e-11,8.6602075743692749e-11,0,0,9.1330666135226988e-11,9.1330666135226988e-11,6.4511528643439121e-11,6.4511528643439121e-11,6.1116476876402473e-11,6.1116476876402473e-11,9.1330666135226976e-11,9.1330666135226976e-11,6.4511528643439121e-11,6.4511528643439121e-11,6.111647687640246e-11,6.111647687640246e-11
211.94251079992537,27.075597470499996,1.3448378050693564e-10,1.3448378050693564e-10,9.0806428037644279e-11,9.0806428037644279e-11,0,0,9.4547609027979586e-11,9.4547609027979586e-11,6.7154105165128728e-11,6.7154105165128728e-11,6.3588494351471634e-11,6.3588494351471634e-11,9.4547609027979574e-11,9.4547609027979574e-11,6.7154105165128702e-11,6.7154105165128702e-11,6.3588494351471608e-11,6.3588494351471608e-11
218.56540176242305,27.921669969664062,1.3832136221235398e-10,1.3832136221235398e-10,9.5004039321079907e-11,9.5004039321079907e-11,0,0,9.7602936277811549e-11,9.7602936277811549e-11,6.9729546222251124e-11,6.9729546222251124e-11,6.5992919033371201e-11,6.5992919033371201e-11,9.7602936277811523e-11,9.7602936277811523e-11,6.9729546222251124e-11,6.9729546222251124e-11,6.5992919033371214e-11,6.5992919033371214e-11
225.1882927249207,28.767742468828121,1.418434559175362e-10,1.418434559175362e-10,9.9186281223968018e-11,9.9186281223968018e-11,0,0,1.0048041417322062e-10,1.0048041417322062e-10,7.2228558730659091e-11,7.2228558730659091e-11,6.8320764237624451e-11,6.8320764237624451e-11,1.0048041417322062e-10,1.0048041417322062e-10,7.2228558730659091e-11,7.2228558730659091e-11,6.8320764237624463e-11,6.8320764237624463e-11
231.81118368741838,29.613814967992187,1.45024176512388e-10,1.45024176512388e-10,1.0334452537627728e-10,1.0334452537627728e-10,0,0,1.0316380851275388e-10,1.0316380851275388e-10,7.4641849751423911e-11,7.4641849751423911e-11,7.0563043624487479e-11,7.0563043624487479e-11,1.0316380851275389e-10,1.0316380851275389e-10,7.4641849751423911e-11,7.4641849751423911e-11,7.0563043624487479e-11,7.0563043624487479e-11
238.43407464991606,30.45988746715625,1.478376388868148e-10,1.478376388868148e-10,1.0747014340797613e-10,1.0747014340797613e-10,0,0,1.0563688458185059e-10,1.0563688458185059e-10,7.6960126497826703e-11,7.6960126497826703e-11,7.2710771215113694e-11,7.2710771215113694e-11,1.0563688458185057e-10,1.0563688458185057e-10,7.696012649782669e-11,7.696012649782669e-11,7.2710771215113694e-11,7.2710771215113694e-11
245.05696561241371,31.305959966320309,1.5025795793072218e-10,1.5025795793072218e-10,1.1155450694903309e-10,1.1155450694903309e-10,0,0,1.0788340712968489e-10,1.0788340712968489e-10,7.9174096342351621e-11,7.9174096342351621e-11,7.4754961407718799e-11,7.4754961407718799e-11,1.0788340712968486e-10,1.0788340712968486e-10,7.9174096342351608e-11,7.9174096342351608e-11,7.4754961407718786e-11,7.4754961407718786e-11
251.67985657491138,32.152032465484375,1.5225924853401568e-10,1.5225924853401568e-10,1.1558898762941668e-10,1.1558898762941668e-10,0,0,1.0988714034600649e-10,1.0988714034600649e-10,8.1274466823680243e-11,8.1274466823680243e-11,7.6686628993745631e-11,7.6686628993745631e-11,1.0988714034600651e-10,1.0988714034600651e-10,8.1274466823680243e-11,8.1274466823680243e-11,7.6686628993745656e-11,7.6686628993745656e-11
258.30274753740906,32.998104964648434,1.5381562558660091e-10,1.5381562558660091e-10,1.1956495707909541e-10,1.1956495707909541e-10,0,0,1.1163184783797938e-10,1.1163184783797938e-10,8.325194565368752e-11,8.325194565368752e-11,7.8496789174029393e-11,7.8496789174029393e-11,1.1163184783797936e-10,1.1163184783797936e-10,8.3251945653687507e-11,8.3251945653687507e-11,7.849678917402938e-11,7.849678917402938e-11
264.92563849990671,33.8441774638125,1.5490120397838339e-10,1.5490120397838339e-10,1.2347378692803788e-10,1.2347378692803788e-10,0,0,1.1310129260701915e-10,1.1310129260701915e-10,8.5097240724439318e-11,8.5097240724439318e-11,8.0176457574962779e-11,8.0176457574962779e-11,1.1310129260701916e-10,1.1310129260701916e-10,8.5097240724439331e-11,8.5097240724439331e-11,8.0176457574962805e-11,8.0176457574962805e-11
271.54852946240436,34.690249962976559,1.5549009859926861e-10,1.5549009859926861e-10,1.2730684880621242e-10,1.2730684880621242e-10,0,0,1.1427923702562835e-10,1.1427923702562835e-10,8.6801060115191316e-11,8.6801060115191316e-11,8.1716650264661447e-11,8.1716650264661447e-11,1.1427923702562835e-10,1.1427923702562835e-10,8.6801060115191303e-11,8.6801060115191303e-11,8.1716650264661447e-11,8.1716650264661447e-11
278.17142042490207,35.536322462140625,1.5555642433916215e-10,1.5555642433916215e-10,1.3105551434358774e-10,1.3105551434358774e-10,0,0,1.1514944281423039e-10,1.1514944281423039e-10,8.8354112099389931e-11,8.8354112099389931e-11,8.3108383769129596e-11,8.3108383769129596e-11,1.1514944281423039e-10,1.1514944281423039e-10,8.8354112099389931e-11,8.8354112099389931e-11,8.3108383769129609e-11,8.3108383769129609e-11
284.79431138739972,36.382394961304684,1.5507429608796964e-10,1.5507429608796964e-10,1.347111551701322e-10,1.347111551701322e-10,0,0,1.1569567101800113e-10,1.1569567101800113e-10,8.9747105151674851e-11,8.9747105151674851e-11,8.4342675088425933e-11,8.4342675088425933e-11,1.156956710180011e-10,1.156956710180011e-10,8.9747105151674838e-11,8.9747105151674838e-11,8.434267508842592e-11,8.434267508842592e-11
291.41720234989737,37.228467460468742,1.5401782873559643e-10,1.5401782873559643e-10,1.3826514291581439e-10,1.3826514291581439e-10,0,0,1.1590168198369863e-10,1.1590168198369863e-10,9.0970747954882935e-11,9.0970747954882935e-11,8.5410541712829214e-11,8.5410541712829214e-11,1.1590168198369863e-10,1.1590168198369863e-10,9.0970747954882948e-11,9.0970747954882948e-11,8.5410541712829227e-11,8.5410541712829227e-11
298.04009331239507,38.074539959632816,1.5236113717194829e-10,1.5236113717194829e-10,1.4170884921060295e-10,1.4170884921060295e-10,0,0,1.1575123533649154e-10,1.1575123533649154e-10,9.2015749407054757e-11,9.2015749407054757e-11,8.6303001639004955e-11,8.6303001639004955e-11,1.1575123533649155e-10,1.1575123533649155e-10,9.2015749407054757e-11,9.2015749407054757e-11,8.6303001639004981e-11,8.6303001639004981e-11
304.66298427489272,38.920612458796874,1.5007833628693061e-10,1.5007833628693061e-10,1.4503364568446615e-10,1.4503364568446615e-10,0,0,1.1522808995678401e-10,1.1522808995678401e-10,9.2872818628441704e-11,9.2872818628441704e-11,8.7011073386171024e-11,8.7011073386171024e-11,1.1522808995678406e-10,1.1522808995678406e-10,9.287281862844173e-11,9.287281862844173e-11,8.701107338617105e-11,8.701107338617105e-11
311.28587523739037,39.766684957960933,1.4714354097044904e-10,1.4714354097044904e-10,1.482309039673726e-10,1.482309039673726e-10,0,0,1.143160039570402e-10,1.143160039570402e-10,9.3532664968516659e-11,9.3532664968516659e-11,8.7525776012264722e-11,8.7525776012264722e-11,1.1431600395704017e-10,1.1431600395704017e-10,9.3532664968516672e-11,9.3532664968516672e-11,8.7525776012264735e-11,8.7525776012264735e-11
317.90876619988808,40.612757457124999,1.4353086611240903e-10,1.4353086611240903e-10,1.5129199568929092e-10,1.5129199568929092e-10,0,0,1.1299873465860534e-10,1.1299873465860534e-10,9.3985998012985295e-11,9.3985998012985295e-11,8.7838129130109335e-11,8.7838129130109335e-11,1.1299873465860536e-10,1.1299873465860536e-10,9.398599801298532e-11,9.398599801298532e-11,8.7838129130109335e-11,8.7838129130109335e-11
324.53165716238573,41.458829956289058,1.392144266027162e-10,1.392144266027162e-10,1.5420829248018949e-10,1.5420829248018949e-10,0,0,1.1126003856852529e-10,1.1126003856852529e-10,9.4223527590799767e-11,9.4223527590799767e-11,8.79391529235806e-11,8.79391529235806e-11,1.1126003856852529e-10,1.1126003856852529e-10,9.4223527590799767e-11,9.4223527590799767e-11,8.7939152923580613e-11,8.7939152923580613e-11
331.15454812488338,42.304902455453117,1.3416833733127615e-10,1.3416833733127615e-10,1.5697116597003692e-10,1.5697116597003692e-10,0,0,1.0908367135636348e-10,1.0908367135636348e-10,9.4235963781175055e-11,9.4235963781175055e-11,8.7819868163774577e-11,8.7819868163774577e-11,1.0908367135636349e-10,1.0908367135636349e-10,9.4235963781175029e-11,9.4235963781175029e-11,8.7819868163774551e-11,8.7819868163774551e-11
337.77743908738108,43.15097495461719,1.2836671318799414e-10,1.2836671318799414e-10,1.5957198778880167e-10,1.5957198778880167e-10,0,0,1.0645338783101555e-10,1.0645338783101555e-10,9.4014016920606357e-11,9.4014016920606357e-11,8.7471296225173899e-11,8.7471296225173899e-11,1.0645338783101555e-10,1.0645338783101555e-10,9.4014016920606357e-11,9.4014016920606357e-11,8.7471296225173912e-11,8.7471296225173912e-11
344.40033004987873,43.997047453781249,1.2178366906277601e-10,1.2178366906277601e-10,1.6200212956645232e-10,1.6200212956645232e-10,0,0,1.0335294191752199e-10,1.0335294191752199e-10,9.3548397609889883e-11,9.3548397609889883e-11,8.6884459101816392e-11,8.6884459101816392e-11,1.0335294191752202e-10,1.0335294191752202e-10,9.3548397609889909e-11,9.3548397609889909e-11,8.6884459101816405e-11,8.6884459101816405e-11
351.02322101237638,44.843119952945308,1.1439331984552729e-10,1.1439331984552729e-10,1.642529629329572e-10,1.642529629329572e-10,0,0,9.9766086633877807e-11,9.9766086633877807e-11,9.2829816721144939e-11,9.2829816721144939e-11,8.6050379423461746e-11,8.6050379423461746e-11,9.9766086633877794e-11,9.9766086633877794e-11,9.2829816721144939e-11,9.2829816721144939e-11,8.6050379423461746e-11,8.6050379423461746e-11
357.64611197487409,45.689192452109374,1.0616978042615343e-10,1.0616978042615343e-10,1.6631585951828508e-10,1.6631585951828508e-10,0,0,9.5676574067839834e-11,9.5676574067839834e-11,9.1848985404838619e-11,9.1848985404838619e-11,8.4960080471760145e-11,8.4960080471760145e-11,9.5676574067839821e-11,9.5676574067839821e-11,9.1848985404838606e-11,9.1848985404838606e-11,8.4960080471760133e-11,8.4960080471760133e-11
364.26900293737174,46.535264951273433,9.7087165694559956e-11,9.7087165694559956e-11,1.681821909524043e-10,1.681821909524043e-10,0,0,9.1068155353731785e-11,9.1068155353731785e-11,9.0596615096812734e-11,9.0596615096812734e-11,8.3604586196419825e-11,8.3604586196419825e-11,9.1068155353731772e-11,9.1068155353731772e-11,9.0596615096812721e-11,9.0596615096812721e-11,8.3604586196419812e-11,8.3604586196419812e-11
370.89189389986939,47.381337450437492,8.7119590540652565e-11,8.7119590540652565e-11,1.6984332886528346e-10,1.6984332886528346e-10,0,0,8.5924580649246547e-11,8.5924580649246547e-11,8.9063417525313665e-11,8.9063417525313665e-11,8.1974921231375865e-11,8.1974921231375865e-11,8.5924580649246521e-11,8.5924580649246521e-11,8.9063417525313652e-11,8.9063417525313652e-11,8.1974921231375839e-11,8.1974921231375839e-11
377.51478486236709,48.227409949601565,7.6241169854336457e-11,7.6241169854336457e-11,1.712906448868911e-10,1.712906448868911e-10,0,0,8.0229599112245357e-11,8.0229599112245357e-11,8.7240104718023761e-11,8.7240104718023761e-11,8.0062110910958417e-11,8.0062110910958417e-11,8.0229599112245357e-11,8.0229599112245357e-11,8.7240104718023748e-11,8.7240104718023748e-11,8.0062110910958404e-11,8.0062110910958404e-11
384.13767582486474,49.073482448765624,6.4426018525517672e-11,6.4426018525517672e-11,1.7251551064719559e-10,1.7251551064719559e-10,0,0,7.3966958877555556e-11,7.3966958877555556e-11,8.5117389009095934e-11,8.5117389009095934e-11,7.7857181286061711e-11,7.7857181286061711e-11,7.3966958877555556e-11,7.3966958877555556e-11,8.5117389009095934e-11,8.5117389009095934e-11,7.7857181286061724e-11,7.7857181286061724e-11
390.76056678736239,49.919554947929683,5.1648251444101383e-11,5.1648251444101383e-11,1.7350929777616557e-10,1.7350929777616557e-10,0,0,6.7120407033763489e-11,6.7120407033763489e-11,8.268598304619053e-11,8.268598304619053e-11,7.5351159140312909e-11,7.5351159140312909e-11,6.7120407033763502e-11,6.7120407033763502e-11,8.2685983046190543e-11,8.2685983046190543e-11,7.5351159140312896e-11,7.5351159140312896e-11
397.3834577498601,50.765627447093749,3.7881983499993293e-11,3.7881983499993293e-11,1.7426337790376953e-10,1.7426337790376953e-10,0,0,5.9673689600006847e-11,5.9673689600006847e-11,7.9936599797514677e-11,7.9936599797514677e-11,7.2535072006241298e-11,7.2535072006241298e-11,5.9673689600006847e-11,5.9673689600006847e-11,7.9936599797514703e-11,7.9936599797514703e-11,7.2535072006241311e-11,7.2535072006241311e-11
404.00634871235775,51.611699946257808,2.3101329583098899e-11,2.3101329583098899e-11,1.7476912265997593e-10,1.7476912265997593e-10,0,0,5.1610551502762294e-11,5.1610551502762294e-11,7.6859952558864681e-11,7.6859952558864681e-11,6.9399948181447919e-11,6.9399948181447919e-11,5.1610551502762281e-11,5.1610551502762281e-11,7.6859952558864643e-11,7.6859952558864643e-11,6.9399948181447906e-11,6.9399948181447906e-11
410.6292396748554,52.457772445421867,7.2804045833238795e-12,7.2804045833238795e-12,1.7501790367475345e-10,1.7501790367475345e-10,0,0,4.291473655263161e-11,4.291473655263161e-11,7.3446754960670518e-11,7.3446754960670518e-11,6.593681674477523e-11,6.593681674477523e-11,4.291473655263159e-11,4.291473655263159e-11,7.3446754960670492e-11,7.3446754960670492e-11,6.5936816744775217e-11,6.5936816744775217e-11
417.2521306373531,53.30384494458594,0,0,0,0,0,0,0,0,0,0,0,0,0,0,0,0,0,0
423.87502159985075,54.149917443749999,0,0,0,0,0,0,0,0,0,0,0,0,0,0,0,0,0,0
