q,p_MeV,phi_e,phi_mu,phi_tau
0.01,0.0012774972500000001,1.328216562466852e-10,6.6411363444223116e-11,0
6.632890962497668,0.8473499964140625,5.7499332826610937e-05,2.890588142214311e-05,0
13.255781924995336,1.693422495578125,0.00022591284312454781,0.00011420331757423896,0
19.878672887493007,2.5394949947421877,0.00049964232076647502,0.0002540262605513204,0
26.501563849990674,3.3855674939062501,0.00087308942280340054,0.00044650859603705676,0
33.124454812488338,4.2316399930703117,0.0013406558062863318,0.00068978420971511705,0
39.747345774986009,5.077712492234375,0.0018967431282662787,0.00098198698726917138,0
46.370236737483673,5.9237849913984366,0.0025357530457942464,0.0013212508143828883,0
52.993127699981343,6.7698574905625,0.0032520872159212465,0.0017057095767399381,0
59.616018662479014,7.6159299897265624,0.0040401472956982853,0.0021334971600239891,0
66.238909624976685,8.4620024888906258,0.0048943349421763701,0.002602747449918712,0
72.861800587474349,9.3080749880546865,0.0058090518124065058,0.0031115943321077732,0
79.484691549972027,10.154147487218751,0.0067786995634397116,0.0036581716922748468,0
86.107582512469691,11.000219986382813,0.0077976798523269825,0.0042406134161035967,0
92.730473474967354,11.846292485546874,0.0088603943361193344,0.0048570533892776969,0
99.353364437465032,12.692364984710938,0.0099612446718677725,0.0055056254974808153,0
105.9762553999627,13.538437483875001,0.011094632516623307,0.0061844636263966206,0
112.59914636246036,14.384509983039063,0.012254959527436941,0.0068917016617087807,0
119.22203732495804,15.230582482203125,0.013436627361359688,0.007625473489100967,0
125.8449282874557,16.076654981367188,0.014634037675442553,0.008383912994256849,0
132.46781924995335,16.922727480531247,0.015841592126736543,0.0091651540628600921,0
139.09071021245103,17.768799979695313,0.017053692372292678,0.0099673305805943763,0
145.71360117494868,18.614872478859372,0.018264740069161949,0.010788576433143357,0
152.33649213744636,19.460944978023434,0.019469136874395367,0.011627025506190712,0
158.95938309994403,20.3070174771875,0.020661284445043952,0.012480811685420113,0
165.58227406244168,21.153089976351559,0.021835584438158698,0.013348068856515218,0
172.20516502493936,21.999162475515622,0.022986438510790626,0.01422693090515971,0
178.82805598743704,22.845234974679688,0.024108248319990738,0.015115531717037254,0
185.45094694993469,23.691307473843747,0.025195415522810041,0.016012005177831509,0
192.07383791243237,24.537379973007809,0.026242341776299537,0.016914485173226156,0
198.69672887493005,25.383452472171875,0.027243428737510247,0.017821105588904866,0
205.31961983742769,26.229524971335934,0.028193078063493176,0.018730000310551293,0
211.94251079992537,27.075597470499996,0.029085691411299311,0.019639303223849124,0
218.56540176242305,27.921669969664062,0.029915670437979699,0.020547148214482027,0
225.1882927249207,28.767742468828121,0.030677416800585309,0.021451669168133649,0
231.81118368741838,29.613814967992187,0.031365332156167186,0.02235099997048769,0
238.43407464991606,30.45988746715625,0.031973818161776309,0.023243274507227803,0
245.05696561241371,31.305959966320309,0.032497276474463696,0.024126626664037653,0
251.67985657491138,32.152032465484375,0.03293010875128035,0.024999190326600921,0
258.30274753740906,32.998104964648434,0.033266716649277286,0.025859099380601262,0
264.92563849990671,33.8441774638125,0.033501501825505521,0.026704487711722374,0
271.54852946240436,34.690249962976559,0.033628865937016042,0.027533489205647889,0
278.17142042490207,35.536322462140625,0.033643210640859865,0.028344237748061503,0
284.79431138739972,36.382394961304684,0.033538937594088013,0.029134867224646865,0
291.41720234989737,37.228467460468742,0.033310448453751459,0.02990351152108766,0
298.04009331239507,38.074539959632816,0.032952144876901256,0.030648304523067577,0
304.66298427489272,38.920612458796874,0.032458428520588375,0.031367380116270237,0
311.28587523739037,39.766684957960933,0.031823701041863856,0.032058872186379331,0
317.90876619988808,40.612757457124999,0.03104236409777867,0.032720914619078549,0
324.53165716238573,41.458829956289058,0.030108819345383859,0.033351641300051527,0
331.15454812488338,42.304902455453117,0.029017468441730428,0.033949186114981961,0
337.77743908738108,43.15097495461719,0.027762713043869333,0.034511682949553507,0
344.40033004987873,43.997047453781249,0.026338954808851643,0.035037265689449842,0
351.02322101237638,44.843119952945308,0.02474059539372836,0.035524068220354608,0
357.64611197487409,45.689192452109374,0.022962036455550474,0.035970224427951517,0
364.26900293737174,46.535264951273433,0.020997679651368985,0.036373868197924208,0
370.89189389986939,47.381337450437492,0.018841926638234936,0.036733133415956368,0
377.51478486236709,48.227409949601565,0.016489179073199259,0.037046153967731664,0
384.13767582486474,49.073482448765624,0.013933838613313069,0.037311063738933746,0
390.76056678736239,49.919554947929683,0.011170306915627298,0.037525996615246297,0
397.3834577498601,50.765627447093749,0.0081929856371929805,0.037689086482352994,0
404.00634871235775,51.611699946257808,0.0049962764350611182,0.037798467225937486,0
410.6292396748554,52.457772445421867,0.0015745809662827462,0.037852272731683477,0
417.2521306373531,53.30384494458594,0,0,0
423.87502159985075,54.149917443749999,0,0,0
