index,delta_dstate_dx
0.000000000000000000e+00,2.124887113610856181e-11
1.000000000000000000e+00,2.024570472607044195e-11
2.000000000000000000e+00,1.924256056206284865e-11
3.000000000000000000e+00,1.823943445933715791e-11
4.000000000000000000e+00,1.723632223320414764e-11
5.000000000000000000e+00,1.623321969898556880e-11
6.000000000000000000e+00,1.523012267196570690e-11
7.000000000000000000e+00,1.422702696734291759e-11
8.000000000000000000e+00,1.322392840018121239e-11
9.000000000000000000e+00,1.222082278536190737e-11
1.000000000000000000e+01,1.121770593753524761e-11
1.100000000000000000e+01,1.021457367107220300e-11
1.200000000000000000e+01,9.211421800016187952e-12
1.300000000000000000e+01,8.208246138034957330e-12
1.400000000000000000e+01,7.205042498372548391e-12
1.500000000000000000e+01,6.201806693801369729e-12
1.600000000000000000e+01,5.198534536574287816e-12
1.700000000000000000e+01,4.195221838376975251e-12
1.800000000000000000e+01,3.191864410280257408e-12
1.900000000000000000e+01,2.188458062692687280e-12
2.000000000000000000e+01,1.184998605313229773e-12
2.100000000000000000e+01,1.367777059779414087e-11
2.200000000000000000e+01,1.310331640676040850e-11
2.300000000000000000e+01,1.252885526262112913e-11
2.400000000000000000e+01,1.195438842687777655e-11
2.500000000000000000e+01,1.137991716096534956e-11
2.600000000000000000e+01,1.080544272629704304e-11
2.700000000000000000e+01,1.023096638430890593e-11
2.800000000000000000e+01,9.656489396504481589e-12
2.900000000000000000e+01,9.082013024499465783e-12
3.000000000000000000e+01,8.507538530066347031e-12
3.100000000000000000e+01,7.933067175178983858e-12
3.200000000000000000e+01,7.358600222057230549e-12
3.300000000000000000e+01,6.784138933211462729e-12
3.400000000000000000e+01,6.209684571487111025e-12
3.500000000000000000e+01,5.635238400109134944e-12
3.600000000000000000e+01,5.060801682726488681e-12
3.700000000000000000e+01,4.486375683456478682e-12
3.800000000000000000e+01,3.911961666929130082e-12
3.900000000000000000e+01,3.337560898331457436e-12
4.000000000000000000e+01,2.763174643451693431e-12
4.100000000000000000e+01,2.188804168723445308e-12
4.200000000000000000e+01,1.307123505410464824e-11
4.300000000000000000e+01,1.251562241638115094e-11
4.400000000000000000e+01,1.195999448573268538e-11
4.500000000000000000e+01,1.140435418540639856e-11
4.600000000000000000e+01,1.084870443865649760e-11
4.700000000000000000e+01,1.029304816874803181e-11
4.800000000000000000e+01,9.737388298960687748e-12
4.900000000000000000e+01,9.181727752592566408e-12
5.000000000000000000e+01,8.626069452963947576e-12
5.100000000000000000e+01,8.070416323421046058e-12
5.200000000000000000e+01,7.514771287339716220e-12
5.300000000000000000e+01,6.959137268129172687e-12
5.400000000000000000e+01,6.403517189235617335e-12
5.500000000000000000e+01,5.847913974145863863e-12
5.600000000000000000e+01,5.292330546390895314e-12
5.700000000000000000e+01,4.736769829549386862e-12
5.800000000000000000e+01,4.181234747251134090e-12
5.900000000000000000e+01,3.625728223180459052e-12
6.000000000000000000e+01,3.070253181079507683e-12
6.100000000000000000e+01,2.514812544751496324e-12
6.200000000000000000e+01,1.959409238063864136e-12
6.300000000000000000e+01,2.920665915609479968e-03
6.400000000000000000e+01,0.000000000000000000e+00
