domain,n,flavor,native_number,exact_retained_number,native_energy_MeV,exact_retained_energy_MeV,number_fraction_of_full,number_relative_deficiency,energy_fraction_of_full,energy_relative_deficiency,p2_fraction_of_full,p2_relative_deficiency,p3_fraction_of_full,p3_relative_deficiency,p4_fraction_of_full,p4_relative_deficiency,p5_fraction_of_full,p5_relative_deficiency
clipped,65,electron,0.32917710859476407,0.3291771085948453,6.391181739001363,6.39118191457127,0.32917710859476407,0.6708228914052359,0.2015509851466844,0.7984490148533157,0.12002998104817386,0.8799700189518261,0.07004140894212885,0.9299585910578713,0.04023995397668305,0.959760046023317,0.022835942405085956,0.977164057594914
clipped,65,muon,0.19868034906657664,0.19868034906664234,3.9321452665523884,3.9321453250770166,0.19868034906657664,0.8013196509334234,0.10628855971218781,0.8937114402878121,0.05613880073928002,0.94386119926072,0.029412385084651528,0.9705876149153484,0.015326289320066907,0.984673710679933,0.007955720455932245,0.9920442795440677
clipped,129,electron,0.3291771085936915,0.3291771085948453,6.391181903571151,6.39118191457127,0.3291771085936915,0.6708228914063086,0.2015509903365232,0.7984490096634768,0.12002998320873053,0.8799700167912695,0.07004140924557649,0.9299585907544236,0.040239951967031555,0.9597600480329685,0.022835938422523835,0.9771640615774763
clipped,129,muon,0.19868034906590945,0.19868034906664234,3.932145321402069,3.9321453250770166,0.19868034906590945,0.8013196509340905,0.10628856119481196,0.8937114388051881,0.056138800306079054,0.943861199693921,0.029412383604730044,0.97058761639527,0.015326287020851762,0.9846737129791483,0.007955717749118713,0.9920442822508813
clipped,257,electron,0.3291771085814522,0.3291771085948453,6.391181913574059,6.39118191457127,0.3291771085814522,0.6708228914185478,0.20155099065197282,0.7984490093480272,0.12002998333779143,0.8799700166622085,0.07004140926088195,0.9299585907391181,0.04023995183925569,0.9597600481607442,0.02283593817239039,0.9771640618276095
clipped,257,muon,0.19868034905815923,0.19868034906664234,3.932145324650195,3.9321453250770166,0.19868034905815923,0.8013196509418408,0.10628856128261101,0.893711438717389,0.05613880027614009,0.9438611997238598,0.029412383510645446,0.9705876164893545,0.015326286876272886,0.9846737131237271,0.007955717579456128,0.9920442824205439
clipped,513,electron,0.3291771085434872,0.3291771085948453,6.391181913083062,6.39118191457127,0.3291771085434872,0.6708228914565129,0.20155099063648887,0.7984490093635112,0.12002998331722663,0.8799700166827733,0.07004140924066343,0.9299585907593365,0.04023995181659679,0.9597600481834031,0.022835938147062303,0.9771640618529378
clipped,513,muon,0.19868034903156712,0.19868034906664234,3.932145324084359,3.9321453250770166,0.19868034903156712,0.8013196509684328,0.10628856126731609,0.8937114387326839,0.056138800259634046,0.943861199740366,0.029412383495208496,0.9705876165047915,0.015326286861304163,0.9846737131386959,0.00795571756530044,0.9920442824346996
clipped,1025,electron,0.329177108594608,0.3291771085948453,6.391181914947337,6.39118191457127,0.329177108594608,0.670822891405392,0.20155099069528026,0.7984490093047197,0.1200299833703546,0.8799700166296454,0.07004140928339875,0.9299585907166013,0.040239951848106525,0.9597600481518934,0.02283593816880585,0.9771640618311942
clipped,1025,muon,0.19868034907093138,0.19868034906664234,3.9321453254353163,3.9321453250770166,0.19868034907093138,0.8013196509290686,0.10628856130383338,0.8937114386961666,0.05613880028777483,0.9438611997122252,0.02941238351493182,0.9705876164850681,0.015326286874179976,0.98467371312582,0.007955717573254598,0.9920442824267455
complete,65,electron,1.000000000000531,0.9999999999999435,31.709994960462186,31.71,1.000000000000531,-5.309086503757499e-13,0.999999841074178,1.5892582196816902e-07,0.9999996424017115,3.575982885498768e-07,0.9999991659074631,8.340925368722027e-07,0.9999983322021627,1.6677978373069823e-06,0.9999969991264751,3.0008735248496596e-06
complete,65,muon,0.9895835851266263,0.9999999999999718,36.444490794082235,36.995000000000005,0.9895835851266263,0.010416414873373747,0.9851193619159949,0.01488063808400513,0.980469162510946,0.01953083748905407,0.9756949393167036,0.02430506068329642,0.9708339272574916,0.029166072742508344,0.9659098243050197,0.034090175694980324
complete,129,electron,1.0000000000035145,0.9999999999999435,31.709999685182193,31.71,1.0000000000035145,-3.5145220067533955e-12,0.9999999900719707,9.928029245620661e-09,0.999999977655919,2.2344081047156492e-08,0.9999999478619855,5.213801448181876e-08,0.9999998957237975,1.0427620241543768e-07,0.9999998123155519,1.876844480610655e-07
complete,129,muon,0.9947917925649485,0.9999999999999718,36.7197461320254,36.995000000000005,0.9947917925649485,0.0052082074350514596,0.9925597008251221,0.0074402991748778275,0.9902346073314691,0.009765392668530987,0.9878475101868405,0.012152489813159481,0.9854170122241737,0.0145829877758263,0.9829549517928682,0.017045048207131784
complete,257,electron,0.9999999999861175,0.9999999999999435,31.709999979891876,31.71,0.9999999999861175,1.3882450744517882e-11,0.9999999993658744,6.341256683351635e-10,0.9999999985921426,1.4078573385135445e-09,0.9999999967334544,3.2665455820140154e-09,0.9999999934789381,6.521061914147408e-09,0.9999999882697526,1.173024748309422e-08
complete,257,muon,0.9973958962996956,0.9999999999999718,36.85737311310305,36.995000000000005,0.9973958962996956,0.0026041037003043943,0.9962798516854452,0.0037201483145547568,0.9951173053418781,0.004882694658121835,0.9939237576898828,0.006076242310117125,0.9927085092302654,0.007291490769734554,0.9914774784749233,0.008522521525076682
complete,513,electron,0.9999999998360135,0.9999999999999435,31.709999990729656,31.71,0.9999999998360135,1.639864910529809e-10,0.9999999997076523,2.923476661006516e-10,0.9999999995715936,4.284063744703131e-10,0.9999999993730477,6.269522191417598e-10,0.9999999990934476,9.065523768540253e-10,0.9999999986975842,1.3024158274896758e-09
complete,513,muon,0.9986979477732965,0.9999999999999718,36.926186541061945,36.995000000000005,0.9986979477732965,0.0013020522267035428,0.9981399254240286,0.0018600745759713355,0.9975586521763815,0.0024413478236184885,0.9969618783245419,0.0030381216754581854,0.9963542540589206,0.0036457459410793236,0.995738738591506,0.004261261408494009
complete,1025,electron,1.0000000010017875,0.9999999999999435,31.710000040516093,31.71,1.0000000010017875,-1.0017875418100175e-09,1.000000001277707,-1.2777070897155305e-09,1.000000001527598,-1.5275979485245715e-09,1.000000001759169,-1.7591690445845008e-09,1.0000000019784312,-1.9784312838577785e-09,1.0000000021873137,-2.187313593986435e-09
complete,1025,muon,0.9993489761201974,0.9999999999999718,36.96059337498556,36.995000000000005,0.9993489761201974,0.000651023879802648,0.9990699655354927,0.0009300344645073093,0.9987793294285239,0.001220670571476073,0.9984809429668768,0.0015190570331231573,0.9981771312522709,0.0018228687477290474,0.9978693738949235,0.002130626105076482
