path,bytes,sha256
README_PROVIDER_DISPATCH.md,2484,669fa2a136262667c8d7043ecb9121c4b803afdad70a2438f34bcef5b175a65b
code/dmde_v0920_analyze_pair_outputs.py,5320,d9e55995f6864d7ef0ae55af856241d49c1ee653cb4ee8b6b0cee0ea24acb3f7
code/dmde_v0920_causal_common.py,4094,e9704db1464a991f13f27e9dbe77796eb05f8b170ed558fdd9b3acc2473c5eab
code/dmde_v0920_common.py,4147,54fb4c92345444745714fb2480d5ce2161afc7c56f422b6f0560db27e7e5fc57
code/dmde_v0920_compare_refinement.py,12205,3c051570136f8d59c241a3b5076978648e5b1f4fc461fe52832b5c5f381d6497
code/dmde_v0920_meaningful_refinement.py,8396,425269a0e6f10d6ac3771657bf872babda29b428d449f5dd26caa45541438ec8
code/dmde_v0920_pair_geometry.py,13291,75ff61d27cf358b96d38af4b94840e9dbf44d2419087157e248a54c5acec7c4b
code/dmde_v0920_validate_bbn_canary.py,16327,0bc8013b1b14398669492985e1a02bc354dee6fdccb9bf91cd3d5d741fd418d7
code/dmde_v0920_validate_blind_payloads_deep.py,12209,6cff6237a550bde58d252e651153584155fa524ef8e2a7e0d059800c8f00b059
code/dmde_v0920_validate_bridge_bundle.py,73018,89d60a613b94e4fc0e78e723c0cea07ed896ffb51ac6fba356c379a100a3109d
code/dmde_v0920_validate_provider_return.py,28360,532aa34a756319e86960831e94896714335be0d76cc12426e4ca8268e6878869
code/dmde_v0920_validate_raw_evidence.py,81351,ead03c79bee7fc51571ee03aa3b7c55230a615cf5ebf2f58e44a6742acde3606
code/dmde_v0920_validate_weak_rate_closure.py,20947,a694386cad1434ecf702faf6914906c9cb58c7f9f330c618729964562669085d
docs/DMDE_v0920_CAPTURE_THRESHOLD_CORRECTION.md,991,a1e9adcb8df275f638e88ea473a4e6136e294c40845060f44363902d477657c4
docs/DMDE_v0920_CAUSAL_CHAIN_REPAIR.md,4670,8610ac6cf093d31cca8d5079953d8dd6f53acd38af8d28d27326e758877b06b2
docs/DMDE_v0920_CAUSAL_CLOSURE_CONTRACT.md,3857,6e495ff27c54b299302c2cd0f948a0f8cc99dcc6aa76a0808bcec6468dd2d257
docs/DMDE_v0920_ENDPOINT_DOMAIN_AND_KERNEL_GATE.md,2048,e99f62f75e89c86ec63a3cb44569d622ca381e3f45d48b9a3d1c6201312b943c
docs/DMDE_v0920_FROZEN_PAIR_AND_NONIDENTIFIABILITY_THEOREM.md,2946,1544915774257b07077d0fdcc3ea511edaea4f1669ea9c53434d7007d18afff8
docs/DMDE_v0920_FROZEN_PAIR_DIFFERENTIAL_RESPONSE_RESULT.md,8340,4d5775819d408efd12cecb6b5b2125289a9a20ea29891fa3b20300c4e39fc7cf
docs/DMDE_v0920_GITHUB_ISSUE_READY.md,1375,6c4f4ebeed2afbd762b3593542c0f8a3a69ec51d53c28b22f9e97de684f4fc24
docs/DMDE_v0920_INTEGRATION_NOTES.md,5038,6e7c8225842399d6ffa072fff80de9df72027263fffbdb11da1aa7857bfcb4d2
docs/DMDE_v0920_NATIVE_ADAPTER_AND_DENSITY_MAPPING.md,1461,86d90759b2799f730c91f4dc852934fc1ed54de7b12fd9521a3cce1dbb00ac4e
docs/DMDE_v0920_PROVIDER_EMAIL_READY.md,2060,78ba26eac567acbaf6bd0cdb899a3e5492ab8fadb43f1f2c878cf8fadb095327
docs/DMDE_v0920_PROVIDER_RUNBOOK.md,1645,0f7b455bb0e72fa7be096b5d7dd54da61c89ad3bdd2a8cde21cac831e5298c36
docs/DMDE_v0920_PUBLIC_BACKEND_INTEGRATION_AUDIT.md,3419,b6ed2b2bd43f11428a9ce79789b70388413bd8651a50edbd06e8e1ead491bcce
docs/DMDE_v0920_RAW_EVIDENCE_BUILD_GUIDE.md,3022,852c20804cb1599a048d7608e01b47b83a45c97a2afa63c450cfbef1db46116e
docs/DMDE_v0920_RAW_EVIDENCE_CONTRACT.md,1729,722780ed9d229d7351330e8b99a4be0fec5f64221b4083ccb03a59c2fc0e6fdb
docs/DMDE_v0920_RUNTIME_REQUIREMENTS.md,494,fff5c7611474fae341b5f5ee58af809b0c69ec59020352c34a000c2ab568653e
docs/DMDE_v0920_SCHEMA_IDENTITY_NOTE.md,913,4e85ddc4d140d174886ad9a3d19927ce3013b05a650582c4edafeffe7e5ba377
docs/DMDE_v0920_SOURCE_OPERATOR_CLOSURE_GATE.md,3992,55c2c59567b61680959161839335a8b777bb354a08eff86f5b53d840bf45df59
docs/DMDE_v0920_SPECTRAL_TO_BBN_BRIDGE_CONTRACT.md,2306,dcb27a141f6d2d6990a516df5177fddd7c8430ad2e91a6123ade4bba184e8fb4
docs/DMDE_v0920_V0918_FALSE_PASS_RECEIPT.md,1956,c50c1efb1f8f3ddc7d49f0eae8d5202aeda90291562d8a6abeef2ad33ec8b70e
docs/DMDE_v0920_VALIDATION_COMMANDS.md,1902,1611277172cfbc01512a65efd51771d1d13417b2ce0849174e6d0e171e08ef95
docs/DMDE_v0920_VALIDATION_SCOPE_AND_LIMITS.md,1921,a37c59ab1eb397bf4fedfd21321cbdc41c5439ea029ec3ae14a3e9aa8e95c2dd
docs/DMDE_v0920_WEAK5_CLOSURE_AND_FALSE_PASS.md,2718,e641e62baa89dfdaf90ce2ca478f5f031e6e9dd1ec7d7112559e9e4e0e849a1d
docs/DMDE_v099_PAYLOAD_SCHEMA.json,1028,28aac0408a3f9c26378ab807f70d8cff731e5f51c9f76f7fbf88626ac6f00960
payloads/DMDE-SPEC-V099-4Q7N_spectral_payload_v099.npz,117140,f5f9ad03206572f12103655714cf5c814287ba07dd45bdc3c6185312a3553dcb
payloads/DMDE-SPEC-V099-8M2K_spectral_payload_v099.npz,117140,ad86c5d4161afd12dde76e83bb19c9b313197fc31703baaf00cad7ba9f478c3e
receipts/DMDE_v0920_DEEP_PAYLOAD_VALIDATION.csv,3580,c4281ae7c537a50aff5ad79c74d8a7225da69cbbfa6df152b5f95bda13ba681f
receipts/DMDE_v0920_DEEP_PAYLOAD_VALIDATION.json,5969,713a9a1b5255c2f7f0465d8a11ee998553c3429cb24e7883f49ef351bd59a5ba
receipts/DMDE_v0920_DEEP_PAYLOAD_VALIDATION_STDOUT.txt,35,d699227a8cb30bea8bee71e7634ab1a3d07bc592ed9ad056ad9427bf6a954624
receipts/DMDE_v0920_FIREWALL_REGRESSION_SUMMARY.csv,1242,8a1d0ae8216e6686068e222dc2f92034e5208eed02663d3715f2669273db5519
receipts/DMDE_v0920_FROZEN_PAIR_GEOMETRY.json,7759,3d983f6000d1800467a7fcc6019f203c894fb3e8f1581a027c9f5bf2830ccebd
receipts/DMDE_v0920_PROVIDER_PRIVATE_MATERIAL_SCAN.csv,359,f37b87d64c4dad420a7a8ba47f1c4f12cb110fbd52cf29d33fb863b4fdc15522
receipts/DMDE_v0920_PROVIDER_PRIVATE_MATERIAL_SCAN_SUMMARY.csv,65,b9dde827961938e3018d062422f4485c7f1eac4f31e44b1af1bb3aa806231809
receipts/DMDE_v0920_SOURCE_BYTE_IDENTITY.csv,796,344ccfb254fcef62ee61101c75bf23d8dbc233f2cdf6565e69db6b342a654c00
receipts/DMDE_v0920_WEAK5_FALSE_PASS_RECEIPT.json,1808,f6aa03a4ca37558b011ee9e9963b1460a6798ef4b940c1eae8b3fa33cda2313a
schemas/DMDE_v0920_BBN_CANARY_SCHEMA.json,2235,e039fa0b8c23b8609bff4455e8017ff8fe3137ba5c29f1eada8133f81eee3312
schemas/DMDE_v0920_RAW_EVIDENCE_SCHEMA.json,6230,146765e71aa217221faf881d0b1d6b0643e72783e375e66f4bdbeebf6afa14a4
schemas/DMDE_v0920_SPECTRAL_BBN_BRIDGE_SCHEMA.json,8648,6ca7f7f8d3f492952d866a771b7e5fa9c4f8206caf413b062bcf371904f5f65d
schemas/DMDE_v0920_WEAK_RATE_CLOSURE_SCHEMA.json,3366,a280beae426bec3c884a409e544fe1f4ba7247557c5bc7d065b68e2630630424
tables/DMDE_v0920_BRIDGE_FIELD_DICTIONARY.csv,10261,b6ed8a1376a8b04e2db83f7aa19e80af812e3c65165e4d969aa046294fc261e1
tables/DMDE_v0920_MICHEL_MOMENT_LOCK.csv,456,c3953b75f892a9ee72326ceeffc9c8e648366ef0bdded5b16a693b9d97d739ef
tables/DMDE_v0920_NUDEC_NATIVE_MAPPING.csv,1009,2e6b9a4cb581f004c4ba8cd6c15968971490f76d560ef3f0af6d91c117316261
tables/DMDE_v0920_PRECISION_DESIGN.csv,2544,0194cf64db2c347355b781aa32f3fff8abc3fb8a584e0ef122199d47e65e3a53
tables/DMDE_v0920_PROVIDER_EXECUTION_CHECKLIST.csv,1898,ad3f94d5eaaec1f1b86be50e00ef86f0c253f187d0d4a5e7ddd5b7c415337f17
tables/DMDE_v0920_PROVIDER_RETURN_TEMPLATE.csv,1786,071340878e447cff7e695f0d1e344dc51d8ad69fce1d40ca5dbba352fb89ce16
tables/DMDE_v0920_expected_source_identities.csv,1630,176c2de0ebe5087ccb347fdc53f0e339c287f5e3ca02821c0636406e1ec9e2e4
tables/DMDE_v099_blind_payload_manifest.csv,390,ab54ff079904584c932ff6ef281332161229457448eef6f36f8058b121635f2b
tables/DMDE_v099_blind_spectral_source_cards.json,3978,bcc692b7a00a0e4abda928f41d03fd297a897cda073eb2dbc826679d654faa8b
templates/DMDE_v0920_BACKEND_IDENTITY_TEMPLATE.json,183,983afd7bf2f861deb1de37d553870c85383b73fa749fef8fc9f3f436f95084eb
templates/DMDE_v0920_BBN_ABUNDANCE_HISTORY_TEMPLATE.csv,32,b46939495906c5d7acc8fe6e51de20c02c5f6107547a729cb1e1b3755d160f11
templates/DMDE_v0920_BBN_CANARY_SUMMARY_TEMPLATE.csv,427,222a082f41a936e855f954f30006804136824bc1f91ce7dc4db8f14f5176a7e8
templates/DMDE_v0920_BBN_CANARY_TEMPLATE.json,2785,3dbe30a003feecd26c8fa3391012d62578c5a588652fed9a385e1830f0948eb6
templates/DMDE_v0920_BBN_RATE_INPUT_TEMPLATE.csv,67,b9b92c11c81e2f1f3197879169d526885d2ae9ab03539bb7196add2d1d666099
templates/DMDE_v0920_BRIDGE_METADATA_TEMPLATE.json,3264,0bbca85c51c50d9ee0397ab6fcf0c60d17758dcfb1ab2d28e6c3f309b4da42dd
templates/DMDE_v0920_FINAL_OUTPUTS_TEMPLATE.json,122,dc5967078c3981538efd8b77db66fb004e222e8f347ad89086405d141ab9ff22
templates/DMDE_v0920_RAW_CONTRACT_TEMPLATE.json,3105,d699e7dcc86ad86dbe510550592f8cd5b42a20572287164f41c0316995f1deb8
templates/DMDE_v0920_RAW_MANIFEST_TEMPLATE.csv,23,1e053df2d8e15449336e393dfae99cbefe2b0c832b3b0634a78045ec1c989fa6
templates/DMDE_v0920_SOLVER_CONFIG_TEMPLATE.json,1753,1ea3df4ac30271c34976ea867b5bc547ce83f49a75fda351df6df0b45de82b1d
templates/DMDE_v0920_SOURCE_IDENTITY_TEMPLATE.json,424,aa4148fea9ae51f8bd94417cd29f7139b99fd90ae68e286642bf67ee1d548ae5
templates/DMDE_v0920_WEAK_RATES_TEMPLATE.csv,47,83e8264c3261c02ad7f0396614ba0ab8bdabe1cea45282be49b6cab6cc0540b7
templates/DMDE_v0920_WEAK_RATE_METADATA_TEMPLATE.json,1260,369d7855034c7af2dd8dad4d052f8e273707c66803daccc35b490a116026ada2
