p_MeV,pre_e,pre_mu,pre_tau,mixed_e,mixed_mu,mixed_tau
1.277497250000000136e-03,1.328216562466852009e-10,6.641136344422311624e-11,0.000000000000000000e+00,8.820133394519108778e-11,5.677466843258718245e-11,5.425701731313002752e-11
1.044570094624023560e-01,8.862883873651984696e-07,4.434368426702916727e-07,0.000000000000000000e+00,5.886114783422568865e-07,3.789629524050345998e-07,3.621507992881986559e-07
2.076365216748047027e-01,3.495076199644957947e-06,1.749836605055103381e-06,0.000000000000000000e+00,2.321442355895869830e-06,1.494909204863271212e-06,1.428561243940920075e-06
3.108160338872070216e-01,7.816342725749487682e-06,3.915881187602532341e-06,0.000000000000000000e+00,5.192214423529063914e-06,3.344249917496044320e-06,3.195759572326912637e-06
4.139955460996093684e-01,1.383993443293275841e-05,6.938186079397237193e-06,0.000000000000000000e+00,9.194561283599639480e-06,5.923339471768196448e-06,5.660219756962164755e-06
5.171750583120117151e-01,2.155569778844873281e-05,1.081336676952387181e-05,0.000000000000000000e+00,1.432211655115392713e-05,9.228532245197185673e-06,8.818415761621490126e-06
6.203545705244141173e-01,3.095347925955139009e-05,1.553803874706709791e-05,0.000000000000000000e+00,2.056851385379185028e-05,1.325618261139380504e-05,1.266682154143283437e-05
7.235340827368164085e-01,4.202312531349467557e-05,2.110881750111155602e-05,0.000000000000000000e+00,2.792738683153187299e-05,1.800264494010283677e-05,1.720191104297152184e-05
8.267135949492188107e-01,5.475448241753256168e-05,2.752231852074191209e-05,0.000000000000000000e+00,3.639236913667610738e-05,2.346427359724378265e-05,2.242015820435458375e-05
9.298931071616211019e-01,6.913739703891902085e-05,3.477515729504282698e-05,0.000000000000000000e+00,4.595709443367531016e-05,2.963742294495153690e-05,2.831803695533501432e-05
1.033072619374023615e+00,8.516171564490804583e-05,4.286394931309895479e-05,0.000000000000000000e+00,5.661519639899383511e-05,3.651844734161707593e-05,3.489202121739606248e-05
1.136252131586425795e+00,1.028172847027535481e-04,5.178531006399492587e-05,0.000000000000000000e+00,6.836030872097479890e-05,4.410370114192813454e-05,4.213858490384549983e-05
1.239431643798828198e+00,1.220939506797095271e-04,6.153585503681542482e-05,0.000000000000000000e+00,8.118606509970499640e-05,5.238953869690997193e-05,5.005420191990995647e-05
1.342611156011230600e+00,1.429815600430299418e-04,7.211219972064510911e-05,0.000000000000000000e+00,9.508609924687997836e-05,6.137231435396593444e-05,5.863534616282915161e-05
1.445790668223633002e+00,1.654699592599688052e-04,8.351095960456862265e-05,0.000000000000000000e+00,1.100540448856689667e-04,7.104838245691828249e-05,6.787849152195019216e-05
1.548970180436035182e+00,1.895489947977799542e-04,9.572875017767058228e-05,0.000000000000000000e+00,1.260835357505800272e-04,8.141409734604871946e-05,7.778011187882183050e-05
1.652149692648437584e+00,2.152085131237174969e-04,1.087621869290357539e-04,0.000000000000000000e+00,1.431682055873250727e-04,9.246581335813926607e-05,8.833668110728879006e-05
1.755329204860839987e+00,2.424383607050353514e-04,1.226078853477486730e-04,0.000000000000000000e+00,1.613016881526850425e-04,1.041998848265129180e-04,9.954467307358619938e-05
1.858508717073242389e+00,2.712283840089874630e-04,1.372624609228940377e-04,0.000000000000000000e+00,1.804776172143741334e-04,1.166126660810740459e-04,1.114005616364334162e-04
1.961688229285644791e+00,3.015684295028277771e-04,1.527225291435565461e-04,0.000000000000000000e+00,2.006896265509059004e-04,1.297005114483495004e-04,1.239008206471287868e-04
2.064867741498047415e+00,3.334483436538104558e-04,1.689847054988208286e-04,0.000000000000000000e+00,2.219313499514581926e-04,1.434597752515292288e-04,1.370419239496439444e-04
2.168047253710449596e+00,3.668579729291891463e-04,1.860456054777714886e-04,0.000000000000000000e+00,2.441964212157367330e-04,1.578868118105064447e-04,1.508203453807173487e-04
2.271226765922851776e+00,4.017871637962178752e-04,2.039018445694931834e-04,0.000000000000000000e+00,2.674784741538420874e-04,1.729779754419191263e-04,1.652325587699497364e-04
2.374406278135254400e+00,4.382257627221509944e-04,2.225500382630707331e-04,0.000000000000000000e+00,2.917711425861339489e-04,1.887296204591902668e-04,1.802750379398975660e-04
2.477585790347656580e+00,4.761636161742419343e-04,2.419868020475885785e-04,0.000000000000000000e+00,3.170680603430951522e-04,2.051381011725682073e-04,1.959442567061672345e-04
2.580765302560058760e+00,5.155905706197449383e-04,2.622087514121314040e-04,0.000000000000000000e+00,3.433628612651979913e-04,2.221997718891681071e-04,2.122366888775100813e-04
2.683944814772461385e+00,5.564964725259139789e-04,2.832125018457840298e-04,0.000000000000000000e+00,3.706491792027696158e-04,2.399109869130123575e-04,2.291488082559161709e-04
2.787124326984864009e+00,5.988711683600031910e-04,3.049946688376310049e-04,0.000000000000000000e+00,3.989206480158551506e-04,2.582681005450707242e-04,2.466770886367084838e-04
2.890303839197266189e+00,6.427045045892661136e-04,3.275518678767569869e-04,0.000000000000000000e+00,4.281709015740843387e-04,2.772674670833014934e-04,2.648180038086373226e-04
2.993483351409668369e+00,6.879863276809568273e-04,3.508807144522464705e-04,0.000000000000000000e+00,4.583935737565360160e-04,2.969054408226924537e-04,2.835680275539749365e-04
3.096662863622070994e+00,7.347064841023298468e-04,3.749778240531845470e-04,0.000000000000000000e+00,4.895822984516037249e-04,3.171783760553013648e-04,3.029236336486095752e-04
3.199842375834473174e+00,7.828548203206381687e-04,3.998398121686553858e-04,0.000000000000000000e+00,5.217307095568589955e-04,3.380826270702956657e-04,3.228812958621390017e-04
3.303021888046875354e+00,8.324211828031365243e-04,4.254632942877438614e-04,0.000000000000000000e+00,5.548324409789188571e-04,3.596145481539950303e-04,3.434374879579662272e-04
3.406201400259277534e+00,8.833954180170784523e-04,4.518448858995345770e-04,0.000000000000000000e+00,5.888811266333092822e-04,3.817704935899105066e-04,3.645886836933929153e-04
3.509380912471680158e+00,9.357673724297183590e-04,4.789812024931124068e-04,0.000000000000000000e+00,6.238704004443307999e-04,4.045468176587862586e-04,3.863313568197138700e-04
3.612560424684082783e+00,9.895268925083104336e-04,5.068688595575619000e-04,0.000000000000000000e+00,6.597938963449224287e-04,4.279398746386390315e-04,4.086619810823107651e-04
3.715739936896484963e+00,1.044663824720107239e-03,5.355044725819673888e-04,0.000000000000000000e+00,6.966452482765278856e-04,4.519460188047997847e-04,4.315770302207471744e-04
3.818919449108887143e+00,1.101168015532364266e-03,5.648846570554138559e-04,0.000000000000000000e+00,7.344180901889606032e-04,4.765616044299547834e-04,4.550729779688630601e-04
3.922098961321289767e+00,1.159029311412334727e-03,5.950060284669859588e-04,0.000000000000000000e+00,7.731060560402678791e-04,5.017829857841844127e-04,4.791462980548679600e-04
4.025278473533692392e+00,1.218237558827272920e-03,6.258652023057683549e-04,0.000000000000000000e+00,8.127027797965987116e-04,5.276065171350066002e-04,5.037934642014363969e-04
4.128457985746093684e+00,1.278782604244432059e-03,6.574587940608452681e-04,0.000000000000000000e+00,8.532018954320620945e-04,5.540285527474142751e-04,5.290109501258008495e-04
4.231637497958495864e+00,1.340654294131066876e-03,6.897834192213017895e-04,0.000000000000000000e+00,8.945970369286008160e-04,5.810454468839194950e-04,5.547952295398481375e-04
4.334817010170898044e+00,1.403842474954431234e-03,7.228356932762225765e-04,0.000000000000000000e+00,9.368818382758509460e-04,6.086535538045915019e-04,5.811427761502117959e-04
4.437996522383301112e+00,1.468336993181779647e-03,7.566122317146926120e-04,0.000000000000000000e+00,9.800499334710068532e-04,6.368492277670985717e-04,6.080500636583669426e-04
4.541176034595703292e+00,1.534127695280364896e-03,7.911096500257956861e-04,0.000000000000000000e+00,1.024094956518689040e-03,6.656288230267476966e-04,6.355135657607241702e-04
4.644355546808105473e+00,1.601204427717441712e-03,8.263245636986169982e-04,0.000000000000000000e+00,1.069010541430806451e-03,6.949886938365269773e-04,6.635297561487248476e-04
4.747535059020508541e+00,1.669557036960264175e-03,8.622535882222414228e-04,0.000000000000000000e+00,1.114790322226424848e-03,7.249251944471457381e-04,6.920951085089355539e-04
4.850714571232910721e+00,1.739175369476085500e-03,8.988933390857530752e-04,0.000000000000000000e+00,1.161427932931625648e-03,7.554346791070725830e-04,7.212060965231395851e-04
4.953894083445312901e+00,1.810049271732159766e-03,9.362404317782365044e-04,0.000000000000000000e+00,1.208917007579380157e-03,7.865135020625810399e-04,7.508591938684353994e-04
5.057073595657715082e+00,1.882168590195741490e-03,9.742914817887769101e-04,0.000000000000000000e+00,1.257251180209405152e-03,8.181580175577862074e-04,7.810508742173280158e-04
5.160253107870117262e+00,1.955523171334084317e-03,1.013043104606458841e-03,0.000000000000000000e+00,1.306424084868034081e-03,8.503645798346860622e-04,8.117776112378233397e-04
5.263432620082520330e+00,2.030102861614443196e-03,1.052491915720367172e-03,0.000000000000000000e+00,1.356429355608081751e-03,8.831295431332047193e-04,8.430358785935249816e-04
5.366612132294922510e+00,2.105897507504069822e-03,1.092634530619585693e-03,0.000000000000000000e+00,1.407260626488703167e-03,9.164492616912294030e-04,8.748221499437242466e-04
5.469791644507324690e+00,2.182896955470220880e-03,1.133467564793199820e-03,0.000000000000000000e+00,1.458911531575267763e-03,9.503200897446540318e-04,9.071328989434994470e-04
5.572971156719726871e+00,2.261091051980148280e-03,1.174987633730294103e-03,0.000000000000000000e+00,1.511375704939217374e-03,9.847383815274181416e-04,9.399645992438055656e-04
5.676150668932129051e+00,2.340469643501106537e-03,1.217191352919952873e-03,0.000000000000000000e+00,1.564646780657936997e-03,1.019700491271549603e-03,9.733137244915730270e-04
5.779330181144531231e+00,2.421022576500349299e-03,1.260075337851260897e-03,0.000000000000000000e+00,1.618718392814611461e-03,1.055202773207201700e-03,1.007176748329796818e-03
5.882509693356933411e+00,2.502739697445131948e-03,1.303636204013303157e-03,0.000000000000000000e+00,1.673584175498101173e-03,1.091241581562698995e-03,1.041550144397635587e-03
5.985689205569335591e+00,2.585610852802707263e-03,1.347870566895164202e-03,0.000000000000000000e+00,1.729237762802796410e-03,1.127813270564572128e-03,1.076430386330502927e-03
6.088868717781738660e+00,2.669625889040329759e-03,1.392775041985928582e-03,0.000000000000000000e+00,1.785672788828491977e-03,1.164914194437603571e-03,1.111813947760163443e-03
6.192048229994140840e+00,2.754774652625253516e-03,1.438346244774680845e-03,0.000000000000000000e+00,1.842882887680243444e-03,1.202540707404864927e-03,1.147697302314825557e-03
6.295227742206543020e+00,2.841046990024730882e-03,1.484580790750505540e-03,0.000000000000000000e+00,1.900861693468239863e-03,1.240689163687760076e-03,1.184076923619235399e-03
6.398407254418946088e+00,2.928432747706018538e-03,1.531475295402488302e-03,0.000000000000000000e+00,1.959602840307667591e-03,1.279355917506064646e-03,1.220949285294775470e-03
6.501586766631348269e+00,3.016921772136367530e-03,1.579026374219712160e-03,0.000000000000000000e+00,2.019099962318563705e-03,1.318537323077963955e-03,1.258310860959551813e-03
6.604766278843750449e+00,3.106503909783034541e-03,1.627230642691262965e-03,0.000000000000000000e+00,2.079346693625702593e-03,1.358229734620100722e-03,1.296158124228494407e-03
6.707945791056152629e+00,3.197169007113270615e-03,1.676084716306224832e-03,0.000000000000000000e+00,2.140336668358440268e-03,1.398429506347608452e-03,1.334487548713447595e-03
6.811125303268554809e+00,3.288906910594332003e-03,1.725585210553682528e-03,0.000000000000000000e+00,2.202063520650590113e-03,1.439132992474156112e-03,1.373295608023268090e-03
6.914304815480957878e+00,3.381707466693473219e-03,1.775728740922721469e-03,0.000000000000000000e+00,2.264520884640289309e-03,1.480336547211989111e-03,1.412578775763915183e-03
7.017484327693360058e+00,3.475560521877945740e-03,1.826511922902424902e-03,0.000000000000000000e+00,2.327702394469856155e-03,1.522036524771966165e-03,1.452333525538547238e-03
7.120663839905762238e+00,3.570455922615004517e-03,1.877931371981878461e-03,0.000000000000000000e+00,2.391601684285662131e-03,1.564229279363605046e-03,1.492556330947616885e-03
7.223843352118165306e+00,3.666383515371904930e-03,1.929983703650166912e-03,0.000000000000000000e+00,2.456212388237990520e-03,1.606911165195118365e-03,1.533243665588961873e-03
7.327022864330567486e+00,3.763333146615899325e-03,1.982665533396373719e-03,0.000000000000000000e+00,2.521528140480909334e-03,1.650078536473459541e-03,1.574392003057903519e-03
7.430202376542968778e+00,3.861294662814240483e-03,2.035973476709584517e-03,0.000000000000000000e+00,2.587542575172129076e-03,1.693727747404357494e-03,1.615997816947338213e-03
7.533381888755370959e+00,3.960257910434187255e-03,2.089904149078884287e-03,0.000000000000000000e+00,2.654249326472875661e-03,1.737855152192364569e-03,1.658057580847833480e-03
7.636561400967773139e+00,4.060212735942988517e-03,2.144454165993357145e-03,0.000000000000000000e+00,2.721642028547739071e-03,1.782457105040887758e-03,1.700567768347719267e-03
7.739740913180176207e+00,4.161148985807901386e-03,2.199620142942088075e-03,0.000000000000000000e+00,2.789714315564564492e-03,1.827529960152239012e-03,1.743524853033186174e-03
7.842920425392578387e+00,4.263056506496176908e-03,2.255398695414161190e-03,0.000000000000000000e+00,2.858459821694292295e-03,1.873070071727670361e-03,1.786925308488377176e-03
7.946099937604980568e+00,4.365925144475071330e-03,2.311786438898661040e-03,0.000000000000000000e+00,2.927872181110838766e-03,1.919073793967414256e-03,1.830765608295481517e-03
8.049279449817383636e+00,4.469744746211839169e-03,2.368779988884673476e-03,0.000000000000000000e+00,2.997945027990951694e-03,1.965537481070728665e-03,1.875042226034832936e-03
8.152458962029786704e+00,4.574505158173732336e-03,2.426375960861282179e-03,0.000000000000000000e+00,3.068671996514082869e-03,2.012457487235933505e-03,1.919751635284997924e-03
8.255638474242189773e+00,4.680196226828007081e-03,2.484570970317572132e-03,0.000000000000000000e+00,3.140046720862250170e-03,2.059830166660452273e-03,1.964890309622874601e-03
8.358817986454591065e+00,4.786807798641913581e-03,2.543361632742627016e-03,0.000000000000000000e+00,3.212062835219900957e-03,2.107651873540855418e-03,2.010454722623787258e-03
8.461997498666992357e+00,4.894329720082707218e-03,2.602744563625532248e-03,0.000000000000000000e+00,3.284713973773773724e-03,2.155918962072894164e-03,2.056441347861573746e-03
8.565177010879395425e+00,5.002751837617646843e-03,2.662716378455373678e-03,0.000000000000000000e+00,3.357993770712777541e-03,2.204627786451552988e-03,2.102846658908690859e-03
8.668356523091796717e+00,5.112063997713979166e-03,2.723273692721233253e-03,0.000000000000000000e+00,3.431895860227841127e-03,2.253774700871075641e-03,2.149667129336298253e-03
8.771536035304201562e+00,5.222256046838964771e-03,2.784413121912199425e-03,0.000000000000000000e+00,3.506413876511782317e-03,2.303356059525019789e-03,2.196899232714360790e-03
8.874715547516602854e+00,5.333317831459852103e-03,2.846131281517352406e-03,0.000000000000000000e+00,3.581541453759180121e-03,2.353368216606286506e-03,2.244539442611737448e-03
8.977895059729005922e+00,5.445239198043898277e-03,2.908424787025780216e-03,0.000000000000000000e+00,3.657272226166233351e-03,2.403807526307169713e-03,2.292584232596276729e-03
9.081074571941407214e+00,5.558009993058354338e-03,2.971290253926565667e-03,0.000000000000000000e+00,3.733599827930619668e-03,2.454670342819388704e-03,2.341030076234912501e-03
9.184254084153810282e+00,5.671620062970479138e-03,3.034724297708795478e-03,0.000000000000000000e+00,3.810517893251377623e-03,2.505953020334137152e-03,2.389873447093756806e-03
9.287433596366211574e+00,5.786059254247521988e-03,3.098723533861551162e-03,0.000000000000000000e+00,3.888020056328757475e-03,2.557651913042117368e-03,2.439110818738196573e-03
9.390613108578614643e+00,5.901317413356740871e-03,3.163284577873920304e-03,0.000000000000000000e+00,3.966099951364094114e-03,2.609763375133584539e-03,2.488738664732983823e-03
9.493792620791017711e+00,6.017384386765385965e-03,3.228404045234986586e-03,0.000000000000000000e+00,4.044751212559658318e-03,2.662283760798383157e-03,2.538753458642331942e-03
9.596972133003420780e+00,6.134250020940712651e-03,3.294078551433834556e-03,0.000000000000000000e+00,4.123967474118538784e-03,2.715209424225994289e-03,2.589151674030012399e-03
9.700151645215822072e+00,6.251904162349973711e-03,3.360304711959547462e-03,0.000000000000000000e+00,4.203742370244506824e-03,2.768536719605571572e-03,2.639929784459446680e-03
9.803331157428225140e+00,6.370336657460427127e-03,3.427079142301212890e-03,0.000000000000000000e+00,4.284069535141861104e-03,2.822262001125981981e-03,2.691084263493796064e-03
9.906510669640626432e+00,6.489537352739320475e-03,3.494398457947911485e-03,0.000000000000000000e+00,4.364942603015316627e-03,2.876381622975847895e-03,2.742611584696067438e-03
1.000969018185302950e+01,6.609496094653915209e-03,3.562259274388732567e-03,0.000000000000000000e+00,4.446355208069857276e-03,2.930891939343589596e-03,2.794508221629197001e-03
1.011286969406543079e+01,6.730202729671459771e-03,3.630658207112758083e-03,0.000000000000000000e+00,4.528300984510606579e-03,2.985789304417463003e-03,2.846770647856150874e-03
1.021604920627783386e+01,6.851647104259211279e-03,3.699591871609072581e-03,0.000000000000000000e+00,4.610773566542677657e-03,3.041070072385596967e-03,2.899395336940009671e-03
1.031922871849023515e+01,6.973819064884419910e-03,3.769056883366761045e-03,0.000000000000000000e+00,4.693766588371061331e-03,3.096730597436043141e-03,2.952378762444078219e-03
1.042240823070263822e+01,7.096708458014343648e-03,3.839049857874908891e-03,0.000000000000000000e+00,4.777273684200475205e-03,3.152767233756809812e-03,3.005717397931969258e-03
1.052558774291504129e+01,7.220305130116236141e-03,3.909567410622600235e-03,0.000000000000000000e+00,4.861288488235237029e-03,3.209176335535905266e-03,3.059407716967696249e-03
1.062876725512744258e+01,7.344598927657348432e-03,3.980606157098920059e-03,0.000000000000000000e+00,4.945804634679116379e-03,3.265954256961374653e-03,3.113446193115774856e-03
1.073194676733984565e+01,7.469579697104935904e-03,4.052162712792952912e-03,0.000000000000000000e+00,5.030815757735223638e-03,3.323097352221349859e-03,3.167829299941316186e-03
1.083512627955224694e+01,7.595237284926253073e-03,4.124233693193781608e-03,0.000000000000000000e+00,5.116315491605848663e-03,3.380601975504076394e-03,3.222553511010111359e-03
1.093830579176465001e+01,7.721561537588554451e-03,4.196815713790495034e-03,0.000000000000000000e+00,5.202297470492341092e-03,3.438464480997967601e-03,3.277615299888739057e-03
1.104148530397705130e+01,7.848542301559088483e-03,4.269905390072172534e-03,0.000000000000000000e+00,5.288755328594972431e-03,3.496681222891636319e-03,3.333011140144652266e-03
1.114466481618945615e+01,7.976169423305121825e-03,4.343499337527903861e-03,0.000000000000000000e+00,5.375682700112807688e-03,3.555248555373942149e-03,3.388737505346275415e-03
1.124784432840185744e+01,8.104432749293894248e-03,4.417594171646770096e-03,0.000000000000000000e+00,5.463073219243547510e-03,3.614162832634020949e-03,3.444790869063092849e-03
1.135102384061426051e+01,8.233322125992668938e-03,4.492186507917857521e-03,0.000000000000000000e+00,5.550920520183426701e-03,3.673420408861343810e-03,3.501167704865752912e-03
1.145420335282666180e+01,8.362827399868695208e-03,4.567272961830249819e-03,0.000000000000000000e+00,5.639218237127050296e-03,3.733017638245740046e-03,3.557864486326155554e-03
1.155738286503906487e+01,8.492938417389227571e-03,4.642850148873031539e-03,0.000000000000000000e+00,5.727960004267272122e-03,3.792950874977444892e-03,3.614877687017544697e-03
1.166056237725146616e+01,8.623645025021522276e-03,4.718914684535288964e-03,0.000000000000000000e+00,5.817139455795056896e-03,3.853216473247145051e-03,3.672203780514611028e-03
1.176374188946386923e+01,8.754937069232832103e-03,4.795463184306105776e-03,0.000000000000000000e+00,5.906750225899351850e-03,3.913810787246010774e-03,3.729839240393578725e-03
1.186692140167627052e+01,8.886804396490411567e-03,4.872492263674566525e-03,0.000000000000000000e+00,5.996785948766939281e-03,3.974730171165740539e-03,3.787780540232299140e-03
1.197010091388867359e+01,9.019236853261513448e-03,4.949998538129755758e-03,0.000000000000000000e+00,6.087240258582312519e-03,4.035970979198605715e-03,3.846024153610355743e-03
1.207328042610107666e+01,9.152224286013392260e-03,5.027978623160758893e-03,0.000000000000000000e+00,6.178106789527531076e-03,4.097529565537480489e-03,3.904566554109142190e-03
1.217645993831347795e+01,9.285756541213300783e-03,5.106429134256659612e-03,0.000000000000000000e+00,6.269379175782095748e-03,4.159402284375895639e-03,3.963404215311969875e-03
1.227963945052588102e+01,9.419823465328495266e-03,5.185346686906542463e-03,0.000000000000000000e+00,6.361051051522812437e-03,4.221585489908068027e-03,4.022533610804157264e-03
1.238281896273828231e+01,9.554414904826228488e-03,5.264727896599492862e-03,0.000000000000000000e+00,6.453116050923645569e-03,4.284075536328950037e-03,4.081951214173126612e-03
1.248599847495068538e+01,9.689520706173754966e-03,5.344569378824595360e-03,0.000000000000000000e+00,6.545567808155598397e-03,4.346868777834264272e-03,4.141653499008489392e-03
1.258917798716308667e+01,9.825130715838327478e-03,5.424867749070934504e-03,0.000000000000000000e+00,6.638399957386563813e-03,4.409961568620545183e-03,4.201636938902152119e-03
1.269235749937548974e+01,9.961234780287202273e-03,5.505619622827596579e-03,0.000000000000000000e+00,6.731606132781208993e-03,4.473350262885183309e-03,4.261898007448407417e-03
1.279553701158789281e+01,1.009782274598763213e-02,5.586821615583662665e-03,0.000000000000000000e+00,6.825179968500812329e-03,4.537031214826462572e-03,4.322433178244022497e-03
1.289871652380029587e+01,1.023488445940686983e-02,5.668470342828220779e-03,0.000000000000000000e+00,6.919115098703152410e-03,4.601000778643598438e-03,4.383238924888338897e-03
1.300189603601269717e+01,1.037240976701216816e-02,5.750562420050352001e-03,0.000000000000000000e+00,7.013405157542366639e-03,4.665255308536789963e-03,4.444311720983364425e-03
1.310507554822510023e+01,1.051038851527078509e-02,5.833094462739144351e-03,0.000000000000000000e+00,7.108043779168811589e-03,4.729791158707245813e-03,4.505648040133876375e-03
1.320825506043750153e+01,1.064881055064997167e-02,5.916063086383681509e-03,0.000000000000000000e+00,7.203024597728926830e-03,4.794604683357232833e-03,4.567244355947493520e-03
1.331143457264990460e+01,1.078766571961698242e-02,5.999464906473046290e-03,0.000000000000000000e+00,7.298341247365114359e-03,4.859692236690119418e-03,4.629097142034797538e-03
1.341461408486230589e+01,1.092694386863907012e-02,6.083296538496324977e-03,0.000000000000000000e+00,7.393987362215579881e-03,4.925050172910405005e-03,4.691202872009408477e-03
1.351779359707470896e+01,1.106663484418349448e-02,6.167554597942605590e-03,0.000000000000000000e+00,7.489956576414226984e-03,4.990674846223782518e-03,4.753558019488091438e-03
1.362097310928711025e+01,1.120672849271750308e-02,6.252235700300965739e-03,0.000000000000000000e+00,7.586242524090489742e-03,5.056562610837143576e-03,4.816159058090832903e-03
1.372415262149951509e+01,1.134721466070835565e-02,6.337336461060497778e-03,0.000000000000000000e+00,7.682838839369224293e-03,5.122709820958663493e-03,4.879002461440959566e-03
1.382733213371191638e+01,1.148808319462329627e-02,6.422853495710277583e-03,0.000000000000000000e+00,7.779739156370563992e-03,5.189112830797799544e-03,4.942084703165209453e-03
1.393051164592431945e+01,1.162932394092959162e-02,6.508783419739397509e-03,0.000000000000000000e+00,7.876937109209784099e-03,5.255767994565364691e-03,5.005402256893845547e-03
1.403369115813672074e+01,1.177092674609448407e-02,6.595122848636938637e-03,0.000000000000000000e+00,7.974426331997156933e-03,5.322671666473540592e-03,5.068951596260729518e-03
1.413687067034912204e+01,1.191288145658523333e-02,6.681868397891983780e-03,0.000000000000000000e+00,8.072200458837832174e-03,5.389820200735943520e-03,5.132729194903437077e-03
1.424005018256152511e+01,1.205517791886909218e-02,6.769016682993621824e-03,0.000000000000000000e+00,8.170253123831712830e-03,5.457209951567659062e-03,5.196731526463346448e-03
1.434322969477392640e+01,1.219780597941331861e-02,6.856564319430936451e-03,0.000000000000000000e+00,8.268577961073280899e-03,5.524837273185258593e-03,5.260955064585714699e-03
1.444640920698633124e+01,1.234075548468516539e-02,6.944507922693012210e-03,0.000000000000000000e+00,8.367168604651501959e-03,5.592698519806876475e-03,5.325396282919800037e-03
1.454958871919873253e+01,1.248401628115187838e-02,7.032844108268931915e-03,0.000000000000000000e+00,8.466018688649656898e-03,5.660790045652222199e-03,5.390051655118932063e-03
1.465276823141113560e+01,1.262757821528072075e-02,7.121569491647780983e-03,0.000000000000000000e+00,8.565121847145237832e-03,5.729108204942637630e-03,5.454917654840622798e-03
1.475594774362353689e+01,1.277143113353894181e-02,7.210680688318644831e-03,0.000000000000000000e+00,8.664471714209800654e-03,5.797649351901130836e-03,5.519990755746651684e-03
1.485912725583593996e+01,1.291556488239379956e-02,7.300174313770608006e-03,0.000000000000000000e+00,8.764061923908821050e-03,5.866409840752416852e-03,5.585267431503164459e-03
1.496230676804834125e+01,1.305996930831253983e-02,7.390046983492753324e-03,0.000000000000000000e+00,8.863886110301562662e-03,5.935386025722962783e-03,5.650744155780764236e-03
1.506548628026074432e+01,1.320463425776242754e-02,7.480295312974167936e-03,0.000000000000000000e+00,8.963937907440964331e-03,6.004574261041024236e-03,5.716417402254609509e-03
1.516866579247314561e+01,1.334954957721070680e-02,7.570915917703936390e-03,0.000000000000000000e+00,9.064210949373461418e-03,6.073970900936680878e-03,5.782283644604498292e-03
1.527184530468554868e+01,1.349470511312463906e-02,7.661905413171142369e-03,0.000000000000000000e+00,9.164698870138900805e-03,6.143572299641896287e-03,5.848339356514983475e-03
1.537502481689795175e+01,1.364009071197147538e-02,7.753260414864870421e-03,0.000000000000000000e+00,9.265395303770369156e-03,6.213374811390532694e-03,5.914581011675442215e-03
1.547820432911035482e+01,1.378569622021847026e-02,7.844977538274205964e-03,0.000000000000000000e+00,9.366293884294073224e-03,6.283374790418412570e-03,5.981005083780189559e-03
1.558138384132275611e+01,1.393151148433287474e-02,7.937053398888230943e-03,0.000000000000000000e+00,9.467388245729201068e-03,6.353568590963349846e-03,6.047608046528558240e-03
1.568456335353515918e+01,1.407752635078194509e-02,8.029484612196035112e-03,0.000000000000000000e+00,9.568672022087779810e-03,6.423952567265189817e-03,6.114386373625005366e-03
1.578774286574756047e+01,1.422373066603293754e-02,8.122267793686696949e-03,0.000000000000000000e+00,9.670138847374575020e-03,6.494523073565856841e-03,6.181336538779200890e-03
1.589092237795996354e+01,1.437011427655309967e-02,8.215399558849307074e-03,0.000000000000000000e+00,9.771782355586905097e-03,6.565276464109386437e-03,6.248455015706119546e-03
1.599410189017236483e+01,1.451666702880969120e-02,8.308876523172945699e-03,0.000000000000000000e+00,9.873596180714528520e-03,6.636209093141970383e-03,6.315738278126136265e-03
1.609728140238476968e+01,1.466337876926996492e-02,8.402695302146701711e-03,0.000000000000000000e+00,9.975573956739536285e-03,6.707317314912001824e-03,6.383182799765129388e-03
1.620046091459716919e+01,1.481023934440117186e-02,8.496852511259653587e-03,0.000000000000000000e+00,1.007770931763616457e-02,6.778597483670104756e-03,6.450785054354556992e-03
1.630364042680957226e+01,1.495723860067057001e-02,8.591344766000893682e-03,0.000000000000000000e+00,1.017999589737070103e-02,6.850045953669184340e-03,6.518541515631573122e-03
1.640681993902197178e+01,1.510436638454541215e-02,8.686168681859497004e-03,0.000000000000000000e+00,1.028242732990134259e-02,6.921659079164464191e-03,6.586448657339099774e-03
1.650999945123437485e+01,1.525161254249295280e-02,8.781320874324559378e-03,0.000000000000000000e+00,1.038499724917803582e-02,6.993433214413530621e-03,6.654502953225942263e-03
1.661317896344677791e+01,1.539896692098044646e-02,8.876797958885159281e-03,0.000000000000000000e+00,1.048769928914237114e-02,7.065364713676366461e-03,6.722700877046863810e-03
1.671635847565918098e+01,1.554641936647514072e-02,8.972596551030378662e-03,0.000000000000000000e+00,1.059052708372742492e-02,7.137449931215388357e-03,6.791038902562697432e-03
1.681953798787158405e+01,1.569395972544429876e-02,9.068713266249309873e-03,0.000000000000000000e+00,1.069347426685766760e-02,7.209685221295517032e-03,6.859513503540429213e-03
1.692271750008398357e+01,1.584157784435516469e-02,9.165144720031029660e-03,0.000000000000000000e+00,1.079653447244873637e-02,7.282066938184163403e-03,6.928121153753290240e-03
1.702589701229638663e+01,1.598926356967499823e-02,9.261887527864626907e-03,0.000000000000000000e+00,1.089970133440743699e-02,7.354591436151329195e-03,6.996858326980862422e-03
1.712907652450878970e+01,1.613700674787106257e-02,9.358938305239188765e-03,0.000000000000000000e+00,1.100296848663147309e-02,7.427255069469609547e-03,7.065721497009168697e-03
1.723225603672119277e+01,1.628479722541059313e-02,9.456293667643793713e-03,0.000000000000000000e+00,1.110632956300939417e-02,7.500054192414237243e-03,7.134707137630754564e-03
1.733543554893359229e+01,1.643262484876085311e-02,9.553950230567528901e-03,0.000000000000000000e+00,1.120977819742043254e-02,7.572985159263141697e-03,7.203811722644807777e-03
1.743861506114599536e+01,1.658047946438909875e-02,9.651904609499479745e-03,0.000000000000000000e+00,1.131330802373438534e-02,7.646044324296968897e-03,7.273031725857222532e-03
1.754179457335840198e+01,1.672835091876258978e-02,9.750153419928736867e-03,0.000000000000000000e+00,1.141691267581145322e-02,7.719228041799142126e-03,7.342363621080726099e-03
1.764497408557080149e+01,1.687622905834856163e-02,9.848693277344371805e-03,0.000000000000000000e+00,1.152058578750211545e-02,7.792532666055878438e-03,7.411803882134934338e-03
1.774815359778320456e+01,1.702410372961427748e-02,9.947520797235475179e-03,0.000000000000000000e+00,1.162432099264701368e-02,7.865954551356253710e-03,7.481348982846488735e-03
1.785133310999560408e+01,1.717196477902699012e-02,1.004663259509113414e-02,0.000000000000000000e+00,1.172811192507679061e-02,7.939490051992223463e-03,7.550995397049115390e-03
1.795451262220800714e+01,1.731980205305396620e-02,1.014602528640043411e-02,0.000000000000000000e+00,1.183195221861197723e-02,8.013135522258685306e-03,7.620739598583745576e-03
1.805769213442041021e+01,1.746760539816244462e-02,1.024569548665245702e-02,0.000000000000000000e+00,1.193583550706282630e-02,8.086887316453489349e-03,7.690578061298579925e-03
1.816087164663281328e+01,1.761536466081968857e-02,1.034563981133628657e-02,0.000000000000000000e+00,1.203975542422923428e-02,8.160741788877514530e-03,7.760507259049226336e-03
1.826405115884521635e+01,1.776306968749294043e-02,1.044585487594101164e-02,0.000000000000000000e+00,1.214370560390052450e-02,8.234695293834679020e-03,7.830523665698745084e-03
1.836723067105761587e+01,1.791071032464945992e-02,1.054633729595570897e-02,0.000000000000000000e+00,1.224767967985539337e-02,8.308744185631995738e-03,7.900623755117776315e-03
1.847041018327002249e+01,1.805827641875651021e-02,1.064708368686947439e-02,0.000000000000000000e+00,1.235167128586173169e-02,8.382884818579620922e-03,7.970804001184633725e-03
1.857358969548242200e+01,1.820575781628132675e-02,1.074809066417138116e-02,0.000000000000000000e+00,1.245567405567647723e-02,8.457113546990861069e-03,8.041060877785371347e-03
1.867676920769482507e+01,1.835314436369118660e-02,1.084935484335052339e-02,0.000000000000000000e+00,1.255968162304553666e-02,8.531426725182263138e-03,8.111390858813911919e-03
1.877994871990722459e+01,1.850042590745331825e-02,1.095087283989597433e-02,0.000000000000000000e+00,1.266368762170357216e-02,8.605820707473611081e-03,8.181790418172116275e-03
1.888312823211963121e+01,1.864759229403500224e-02,1.105264126929683677e-02,0.000000000000000000e+00,1.276768568537394594e-02,8.680291848187996970e-03,8.252256029769897833e-03
1.898630774433203428e+01,1.879463336990347747e-02,1.115465674704217876e-02,0.000000000000000000e+00,1.287166944776853283e-02,8.754836501651838340e-03,8.322784167525291987e-03
1.908948725654443379e+01,1.894153898152598284e-02,1.125691588862108745e-02,0.000000000000000000e+00,1.297563254258757640e-02,8.829451022194931969e-03,8.393371305364567131e-03
1.919266676875683686e+01,1.908829897536980583e-02,1.135941530952265521e-02,0.000000000000000000e+00,1.307956860351962639e-02,8.904131764150502448e-03,8.464013917222332206e-03
1.929584628096923993e+01,1.923490319790217493e-02,1.146215162523596051e-02,0.000000000000000000e+00,1.318347126424131155e-02,8.978875081855221263e-03,8.534708477041599156e-03
1.939902579318164300e+01,1.938134149559036373e-02,1.156512145125009397e-02,0.000000000000000000e+00,1.328733415841728063e-02,9.053677329649274449e-03,8.605451458773900886e-03
1.950220530539404251e+01,1.952760371490160074e-02,1.166832140305412713e-02,0.000000000000000000e+00,1.339115091970000289e-02,9.128534861876359124e-03,8.676239336379365855e-03
1.960538481760644558e+01,1.967367970230315954e-02,1.177174809613716101e-02,0.000000000000000000e+00,1.349491518172969175e-02,9.203444032883791037e-03,8.747068583826841243e-03
1.970856432981884510e+01,1.981955930426228599e-02,1.187539814598826717e-02,0.000000000000000000e+00,1.359862057813412961e-02,9.278401197022471611e-03,8.817935675093957135e-03
1.981174384203125172e+01,1.996523236724624326e-02,1.197926816809654141e-02,0.000000000000000000e+00,1.370226074252854642e-02,9.353402708646995495e-03,8.888837084167246216e-03
1.991492335424365479e+01,2.011068873772228066e-02,1.208335477795106222e-02,0.000000000000000000e+00,1.380582930851548956e-02,9.428444922115638421e-03,8.959769285042213163e-03
2.001810286645605430e+01,2.025591826215764404e-02,1.218765459104091155e-02,0.000000000000000000e+00,1.390931990968467813e-02,9.503524191790430065e-03,9.030728751723445663e-03
2.012128237866845737e+01,2.040091078701958965e-02,1.229216422285517654e-02,0.000000000000000000e+00,1.401272617961287978e-02,9.578636872037176592e-03,9.101711958224709825e-03
2.022446189088086044e+01,2.054565615877538415e-02,1.239688028888294782e-02,0.000000000000000000e+00,1.411604175186377368e-02,9.653779317225526582e-03,9.172715378569038652e-03
2.032764140309326351e+01,2.069014422389227337e-02,1.250179940461330040e-02,0.000000000000000000e+00,1.421926025998778223e-02,9.728947881728965824e-03,9.243735486788817041e-03
2.043082091530566302e+01,2.083436482883749968e-02,1.260691818553531969e-02,0.000000000000000000e+00,1.432237533752201211e-02,9.804138919924917928e-03,9.314768756925904947e-03
2.053400042751806609e+01,2.097830782007834363e-02,1.271223324713810325e-02,0.000000000000000000e+00,1.442538061799002874e-02,9.879348786194730447e-03,9.385811663031685959e-03
2.063717993973046916e+01,2.112196304408203024e-02,1.281774120491072262e-02,0.000000000000000000e+00,1.452826973490179557e-02,9.954573834923749476e-03,9.456860679167213013e-03
2.074035945194287223e+01,2.126532034731583309e-02,1.292343867434226495e-02,0.000000000000000000e+00,1.463103632175347460e-02,1.002981042050134913e-02,9.527912279403267376e-03
2.084353896415527529e+01,2.140836957624700151e-02,1.302932227092181913e-02,0.000000000000000000e+00,1.473367401202738125e-02,1.010505489732098014e-02,9.598962937820467931e-03
2.094671847636767481e+01,2.155110057734278481e-02,1.313538861013846537e-02,0.000000000000000000e+00,1.483617643919171898e-02,1.018030361978017675e-02,9.670009128509349239e-03
2.104989798858008143e+01,2.169350319707044963e-02,1.324163430748129602e-02,0.000000000000000000e+00,1.493853723670059488e-02,1.025555294228066606e-02,9.741047325570491647e-03
2.115307750079248095e+01,2.183556728189722448e-02,1.334805597843937743e-02,0.000000000000000000e+00,1.504075003799373346e-02,1.033079921922831421e-02,9.812074003114557713e-03
2.125625701300488402e+01,2.197728267829038643e-02,1.345465023850181234e-02,0.000000000000000000e+00,1.514280847649647661e-02,1.040603880503327382e-02,9.883085635262450069e-03
2.135943652521728353e+01,2.211863923271718130e-02,1.356141370315767924e-02,0.000000000000000000e+00,1.524470618561956162e-02,1.048126805410993373e-02,9.954078696145368665e-03
2.146261603742969015e+01,2.225962679164487576e-02,1.366834298789606703e-02,0.000000000000000000e+00,1.534643679875901875e-02,1.055648332087701959e-02,1.002504965990490791e-02
2.156579554964209322e+01,2.240023520154070177e-02,1.377543470820605589e-02,0.000000000000000000e+00,1.544799394929601867e-02,1.063168095975759037e-02,1.009599500069315384e-02
2.166897506185449274e+01,2.254045430887192253e-02,1.388268547957672780e-02,0.000000000000000000e+00,1.554937127059676308e-02,1.070685732517910951e-02,1.016691119267278121e-02
2.177215457406689580e+01,2.268027396010578733e-02,1.399009191749716816e-02,0.000000000000000000e+00,1.565056239601232690e-02,1.078200877157347963e-02,1.023779471001715069e-02
2.187533408627929532e+01,2.281968400170956632e-02,1.409765063745646585e-02,0.000000000000000000e+00,1.575156095887854726e-02,1.085713165337708411e-02,1.030864202691040427e-02
2.197851359849170194e+01,2.295867428015050185e-02,1.420535825494371150e-02,0.000000000000000000e+00,1.585236059251585172e-02,1.093222232503081662e-02,1.037944961754754675e-02
2.208169311070410146e+01,2.309723464189584671e-02,1.431321138544797145e-02,0.000000000000000000e+00,1.595295493022914901e-02,1.100727714098012275e-02,1.045021395613453946e-02
2.218487262291650453e+01,2.323535493341285368e-02,1.442120664445834845e-02,0.000000000000000000e+00,1.605333760530772147e-02,1.108229245567506245e-02,1.052093151688842168e-02
2.228805213512890759e+01,2.337302500116878595e-02,1.452934064746391925e-02,0.000000000000000000e+00,1.615350225102500648e-02,1.115726462357032565e-02,1.059159877403736960e-02
2.239123164734131066e+01,2.351023469163089283e-02,1.463761000995376579e-02,0.000000000000000000e+00,1.625344250063854787e-02,1.123218999912528257e-02,1.066221220182082124e-02
2.249441115955371373e+01,2.364697385126642015e-02,1.474601134741697871e-02,0.000000000000000000e+00,1.635315198738982595e-02,1.130706493680402880e-02,1.073276827448954411e-02
2.259759067176611325e+01,2.378323232654263458e-02,1.485454127534263126e-02,0.000000000000000000e+00,1.645262434450409789e-02,1.138188579107541828e-02,1.080326346630574620e-02
2.270077018397851631e+01,2.391899996392678196e-02,1.496319640921982622e-02,0.000000000000000000e+00,1.655185320519032485e-02,1.145664891641311189e-02,1.087369425154317837e-02
2.280394969619091938e+01,2.405426660988612894e-02,1.507197336453763685e-02,0.000000000000000000e+00,1.665083220264096386e-02,1.153135066729560690e-02,1.094405710448719156e-02
2.290712920840332245e+01,2.418902211088790749e-02,1.518086875678514858e-02,0.000000000000000000e+00,1.674955497003188104e-02,1.160598739820629596e-02,1.101434849943488080e-02
2.301030872061572197e+01,2.432325631339938427e-02,1.528987920145144334e-02,0.000000000000000000e+00,1.684801514052220936e-02,1.168055546363347755e-02,1.108456491069513029e-02
2.311348823282812504e+01,2.445695906388781551e-02,1.539900131402561698e-02,0.000000000000000000e+00,1.694620634725422376e-02,1.175505121807044091e-02,1.115470281258876262e-02
2.321666774504053166e+01,2.459012020882045055e-02,1.550823170999674275e-02,0.000000000000000000e+00,1.704412222335315030e-02,1.182947101601546439e-02,1.122475867944857167e-02
2.331984725725293117e+01,2.472272959466454215e-02,1.561756700485390781e-02,0.000000000000000000e+00,1.714175640192710723e-02,1.190381121197186913e-02,1.129472898561946492e-02
2.342302676946533424e+01,2.485477706788734656e-02,1.572700381408620104e-02,0.000000000000000000e+00,1.723910251606691757e-02,1.197806816044809028e-02,1.136461020545854322e-02
2.352620628167773376e+01,2.498625247495612350e-02,1.583653875318269746e-02,0.000000000000000000e+00,1.733615419884599468e-02,1.205223821595765438e-02,1.143439881333517191e-02
2.362938579389013682e+01,2.511714566233812229e-02,1.594616843763249983e-02,0.000000000000000000e+00,1.743290508332019650e-02,1.212631773301929214e-02,1.150409128363112307e-02
2.373256530610253989e+01,2.524744647650059223e-02,1.605588948292467275e-02,0.000000000000000000e+00,1.752934880252772498e-02,1.220030306615691937e-02,1.157368409074062063e-02
2.383574481831494296e+01,2.537714476391079652e-02,1.616569850454831897e-02,0.000000000000000000e+00,1.762547898948891439e-02,1.227419056989972022e-02,1.164317370907047219e-02
2.393892433052734248e+01,2.550623037103598098e-02,1.627559211799250657e-02,0.000000000000000000e+00,1.772128927720620015e-02,1.234797659878216283e-02,1.171255661304013151e-02
2.404210384273974555e+01,2.563469314434339494e-02,1.638556693874632791e-02,0.000000000000000000e+00,1.781677329866387938e-02,1.242165750734403398e-02,1.178182927708181990e-02
2.414528335495215217e+01,2.576252293030031545e-02,1.649561958229887534e-02,0.000000000000000000e+00,1.791192468682806932e-02,1.249522965013052760e-02,1.185098817564061296e-02
2.424846286716455168e+01,2.588970957537397449e-02,1.660574666413921346e-02,0.000000000000000000e+00,1.800673707464647486e-02,1.256868938169220656e-02,1.192002978317450654e-02
2.435164237937695475e+01,2.601624292603162830e-02,1.671594479975644157e-02,0.000000000000000000e+00,1.810120409504837116e-02,1.264203305658513285e-02,1.198895057415457280e-02
2.445482189158935427e+01,2.614211282874053313e-02,1.682621060463964507e-02,0.000000000000000000e+00,1.819531938094435392e-02,1.271525702937083280e-02,1.205774702306499149e-02
2.455800140380176089e+01,2.626730912996795564e-02,1.693654069427790940e-02,0.000000000000000000e+00,1.828907656522629072e-02,1.278835765461639080e-02,1.212641560440318178e-02
2.466118091601416040e+01,2.639182167618112779e-02,1.704693168416030608e-02,0.000000000000000000e+00,1.838246928076711292e-02,1.286133128689444585e-02,1.219495279267987162e-02
2.476436042822656347e+01,2.651564031384731623e-02,1.715738018977593787e-02,0.000000000000000000e+00,1.847549116042076014e-02,1.293417428078327130e-02,1.226335506241922439e-02
2.486753994043896654e+01,2.663875488943378417e-02,1.726788282661387286e-02,0.000000000000000000e+00,1.856813583702196166e-02,1.300688299086678879e-02,1.233161888815890138e-02
2.497071945265136961e+01,2.676115524940776702e-02,1.737843621016320686e-02,0.000000000000000000e+00,1.866039694338616703e-02,1.307945377173462889e-02,1.239974074445017102e-02
2.507389896486377268e+01,2.688283124023652798e-02,1.748903695591301835e-02,0.000000000000000000e+00,1.875226811230938651e-02,1.315188297798215028e-02,1.246771710585800087e-02
2.517707847707617219e+01,2.700377270838730942e-02,1.759968167935238928e-02,0.000000000000000000e+00,1.884374297656804878e-02,1.322416696421050905e-02,1.253554444696115475e-02
2.528025798928857526e+01,2.712396950032739187e-02,1.771036699597042241e-02,0.000000000000000000e+00,1.893481516891887262e-02,1.329630208502666222e-02,1.260321924235228638e-02
2.538343750150097478e+01,2.724341146252399343e-02,1.782108952125617887e-02,0.000000000000000000e+00,1.902547832209871767e-02,1.336828469504343364e-02,1.267073796663801752e-02
2.548661701371338140e+01,2.736208844144440502e-02,1.793184587069876143e-02,0.000000000000000000e+00,1.911572606882451161e-02,1.344011114887956951e-02,1.273809709443907319e-02
2.558979652592578447e+01,2.747999028355586904e-02,1.804263265978724856e-02,0.000000000000000000e+00,1.920555204179303851e-02,1.351177780115974530e-02,1.280529310039032684e-02
2.569297603813818398e+01,2.759710683532561395e-02,1.815344650401071180e-02,0.000000000000000000e+00,1.929494987368080700e-02,1.358328100651461090e-02,1.287232245914091827e-02
2.579615555035058705e+01,2.771342794322092726e-02,1.826428401885825392e-02,0.000000000000000000e+00,1.938391319714397737e-02,1.365461711958085647e-02,1.293918164535436122e-02
2.589933506256299012e+01,2.782894345370904091e-02,1.837514181981896033e-02,0.000000000000000000e+00,1.947243564481816736e-02,1.372578249500122985e-02,1.300586713370860577e-02
2.600251457477539319e+01,2.794364321325721462e-02,1.848601652238189563e-02,0.000000000000000000e+00,1.956051084931836534e-02,1.379677348742459203e-02,1.307237539889616156e-02
2.610569408698779270e+01,2.805751706833270812e-02,1.859690474203616606e-02,0.000000000000000000e+00,1.964813244323874997e-02,1.386758645150594667e-02,1.313870291562417927e-02
2.620887359920019577e+01,2.817055486540278111e-02,1.870780309427084315e-02,0.000000000000000000e+00,1.973529405915259299e-02,1.393821774190648864e-02,1.320484615861454089e-02
2.631205311141259884e+01,2.828274645093466905e-02,1.881870819457501925e-02,0.000000000000000000e+00,1.982198932961207888e-02,1.400866371329364396e-02,1.327080160260396893e-02
2.641523262362500191e+01,2.839408167139563163e-02,1.892961665843777286e-02,0.000000000000000000e+00,1.990821188714822498e-02,1.407892072034109925e-02,1.333656572234409934e-02
2.651841213583740497e+01,2.850455037325293900e-02,1.904052510134819284e-02,0.000000000000000000e+00,1.999395536427068035e-02,1.414898511772885378e-02,1.340213499260159251e-02
2.662159164804980449e+01,2.861414240297381617e-02,1.915143013879536116e-02,0.000000000000000000e+00,2.007921339346768058e-02,1.421885326014326982e-02,1.346750588815822693e-02
2.672477116026221111e+01,2.872284760702555062e-02,1.926232838626837016e-02,0.000000000000000000e+00,2.016397960720582583e-02,1.428852150227708992e-02,1.353267488381098421e-02
2.682795067247461063e+01,2.883065583187537084e-02,1.937321645925629485e-02,0.000000000000000000e+00,2.024824763793001831e-02,1.435798619882950287e-02,1.359763845437215665e-02
2.693113018468701370e+01,2.893755692399053656e-02,1.948409097324822065e-02,0.000000000000000000e+00,2.033201111806320904e-02,1.442724370450614024e-02,1.366239307466940792e-02
2.703430969689941321e+01,2.904354072983830401e-02,1.959494854373323297e-02,0.000000000000000000e+00,2.041526368000643257e-02,1.449629037401918737e-02,1.372693521954592918e-02
2.713748920911181983e+01,2.914859709588593639e-02,1.970578578620042418e-02,0.000000000000000000e+00,2.049799895613852591e-02,1.456512256208735215e-02,1.379126136386046864e-02
2.724066872132421935e+01,2.925271586860067261e-02,1.981659931613887274e-02,0.000000000000000000e+00,2.058021057881609731e-02,1.463373662343596567e-02,1.385536798248747196e-02
2.734384823353662242e+01,2.935588689444977237e-02,1.992738574903765714e-02,0.000000000000000000e+00,2.066189218037330771e-02,1.470212891279697870e-02,1.391925155031714656e-02
2.744702774574902548e+01,2.945810001990049540e-02,2.003814170038587320e-02,0.000000000000000000e+00,2.074303739312177361e-02,1.477029578490901898e-02,1.398290854225557253e-02
2.755020725796142500e+01,2.955934509142008407e-02,2.014886378567260633e-02,0.000000000000000000e+00,2.082363984935045598e-02,1.483823359451745191e-02,1.404633543322479985e-02
2.765338677017383162e+01,2.965961195547580156e-02,2.025954862038692808e-02,0.000000000000000000e+00,2.090369318132545215e-02,1.490593869637435800e-02,1.410952869816290561e-02
2.775656628238623114e+01,2.975889045853490414e-02,2.037019282001793080e-02,0.000000000000000000e+00,2.098319102128999580e-02,1.497340744523867340e-02,1.417248481202416747e-02
2.785974579459863421e+01,2.985717044706462375e-02,2.048079300005470338e-02,0.000000000000000000e+00,2.106212700146412736e-02,1.504063619587612741e-02,1.423520024977906022e-02
2.796292530681103372e+01,2.995444176753224788e-02,2.059134577598632429e-02,0.000000000000000000e+00,2.114049475404476686e-02,1.510762130305938131e-02,1.429767148641443962e-02
2.806610481902344034e+01,3.005069426640500502e-02,2.070184776330188242e-02,0.000000000000000000e+00,2.121828791120537738e-02,1.517435912156795373e-02,1.435989499693355459e-02
2.816928433123584341e+01,3.014591779015016876e-02,2.081229557749045972e-02,0.000000000000000000e+00,2.129550010509603103e-02,1.524084600618838201e-02,1.442186725635621891e-02
2.827246384344824293e+01,3.024010218523497107e-02,2.092268583404113119e-02,0.000000000000000000e+00,2.137212496784308968e-02,1.530707831171417357e-02,1.448358473971883206e-02
2.837564335566064599e+01,3.033323729812667513e-02,2.103301514844300654e-02,0.000000000000000000e+00,2.144815613154921544e-02,1.537305239294591182e-02,1.454504392207455962e-02
2.847882286787304906e+01,3.042531297529254414e-02,2.114328013618515037e-02,0.000000000000000000e+00,2.152358722829313120e-02,1.543876460469122830e-02,1.460624127849332980e-02
2.858200238008545213e+01,3.051631906319982740e-02,2.125347741275665156e-02,0.000000000000000000e+00,2.159841189012956172e-02,1.550421130176490685e-02,1.466717328406200518e-02
2.868518189229785165e+01,3.060624540831576729e-02,2.136360359364659206e-02,0.000000000000000000e+00,2.167262374908903583e-02,1.556938883898888876e-02,1.472783641388443129e-02
2.878836140451025472e+01,3.069508185710763046e-02,2.147365529434406076e-02,0.000000000000000000e+00,2.174621643717780314e-02,1.563429357119232310e-02,1.478822714308156150e-02
2.889154091672266134e+01,3.078281825604266969e-02,2.158362913033814653e-02,0.000000000000000000e+00,2.181918358637766758e-02,1.569892185321161704e-02,1.484834194679153160e-02
2.899472042893506085e+01,3.086944445158812736e-02,2.169352171711792440e-02,0.000000000000000000e+00,2.189151882864585549e-02,1.576327003989044448e-02,1.490817730016975526e-02
2.909789994114746392e+01,3.095495029021127706e-02,2.180332967017248672e-02,0.000000000000000000e+00,2.196321579591489423e-02,1.582733448607983109e-02,1.496772967838903498e-02
2.920107945335986344e+01,3.103932561837936463e-02,2.191304960499091195e-02,0.000000000000000000e+00,2.203426812009246991e-02,1.589111154663816819e-02,1.502699555663963675e-02
2.930425896557226650e+01,3.112256028255962551e-02,2.202267813706229246e-02,0.000000000000000000e+00,2.210466943306127474e-02,1.595459757643125087e-02,1.508597141012938889e-02
2.940743847778466957e+01,3.120464412921934022e-02,2.213221188187570326e-02,0.000000000000000000e+00,2.217441336667892726e-02,1.601778893033234050e-02,1.514465371408378613e-02
2.951061798999707264e+01,3.128556700482575115e-02,2.224164745492024017e-02,0.000000000000000000e+00,2.224349355277774679e-02,1.608068196322217508e-02,1.520303894374607119e-02
2.961379750220947216e+01,3.136531875584611800e-02,2.235098147168497820e-02,0.000000000000000000e+00,2.231190362316471179e-02,1.614327302998903174e-02,1.526112357437734574e-02
2.971697701442187523e+01,3.144388922874768316e-02,2.246021054765900277e-02,0.000000000000000000e+00,2.237963720962127256e-02,1.620555848552877529e-02,1.531890408125664155e-02
2.982015652663428185e+01,3.152126826999771675e-02,2.256933129833141316e-02,0.000000000000000000e+00,2.244668794390322630e-02,1.626753468474487901e-02,1.537637693968104194e-02
2.992333603884668136e+01,3.159744572606344726e-02,2.267834033919126704e-02,0.000000000000000000e+00,2.251304945774053670e-02,1.632919798254845248e-02,1.543353862496573900e-02
3.002651555105908443e+01,3.167241144341215175e-02,2.278723428572767412e-02,0.000000000000000000e+00,2.257871538283732354e-02,1.639054473385832822e-02,1.549038561244416717e-02
3.012969506327148395e+01,3.174615526851108649e-02,2.289600975342970246e-02,0.000000000000000000e+00,2.264367935087162678e-02,1.645157129360107565e-02,1.554691437746809346e-02
3.023287457548389057e+01,3.181866704782748689e-02,2.300466335778645136e-02,0.000000000000000000e+00,2.270793499349524000e-02,1.651227401671102879e-02,1.560312139540766946e-02
3.033605408769629008e+01,3.188993662782861616e-02,2.311319171428699235e-02,0.000000000000000000e+00,2.277147594233369654e-02,1.657264925813035222e-02,1.565900314165157015e-02
3.043923359990869315e+01,3.195995385498173746e-02,2.322159143842041779e-02,0.000000000000000000e+00,2.283429582898601970e-02,1.663269337280905494e-02,1.571455609160708061e-02
3.054241311212109267e+01,3.202870857575409319e-02,2.332985914567580268e-02,0.000000000000000000e+00,2.289638828502466028e-02,1.669240271570507014e-02,1.576977672070016545e-02
3.064559262433349929e+01,3.209619063661293265e-02,2.343799145154225674e-02,0.000000000000000000e+00,2.295774694199533700e-02,1.675177364178426914e-02,1.582466150437560407e-02
3.074877213654590236e+01,3.216238988402551902e-02,2.354598497150882722e-02,0.000000000000000000e+00,2.301836543141684219e-02,1.681080250602046827e-02,1.587920691809702536e-02
3.085195164875830187e+01,3.222729616445910855e-02,2.365383632106462727e-02,0.000000000000000000e+00,2.307823738478108344e-02,1.686948566339557809e-02,1.593340943734708817e-02
3.095513116097070494e+01,3.229089932438094362e-02,2.376154211569873193e-02,0.000000000000000000e+00,2.313735643355269850e-02,1.692781946889950276e-02,1.598726553762747776e-02
3.105831067318310446e+01,3.235318921025828742e-02,2.386909897090022312e-02,0.000000000000000000e+00,2.319571620916913157e-02,1.698580027753029270e-02,1.604077169445908280e-02
3.116149018539551108e+01,3.241415566855838926e-02,2.397650350215819667e-02,0.000000000000000000e+00,2.325331034304042171e-02,1.704342444429413767e-02,1.609392438338203349e-02
3.126466969760791059e+01,3.247378854574852619e-02,2.408375232496172760e-02,0.000000000000000000e+00,2.331013246654901200e-02,1.710068832420541529e-02,1.614672007995583344e-02
3.136784920982031366e+01,3.253207768829590590e-02,2.419084205479989438e-02,0.000000000000000000e+00,2.336617621104968706e-02,1.715758827228670499e-02,1.619915525975940823e-02
3.147102872203271673e+01,3.258901294266781934e-02,2.429776930716179978e-02,0.000000000000000000e+00,2.342143520786944821e-02,1.721412064356889898e-02,1.625122639839127886e-02
3.157420823424511980e+01,3.264458415533151581e-02,2.440453069753651533e-02,0.000000000000000000e+00,2.347590308830731914e-02,1.727028179309116757e-02,1.630292997146955830e-02
3.167738774645752287e+01,3.269878117275423074e-02,2.451112284141312297e-02,0.000000000000000000e+00,2.352957348363420714e-02,1.732606807590102507e-02,1.635426245463211109e-02
3.178056725866992238e+01,3.275159384140323426e-02,2.461754235428071508e-02,0.000000000000000000e+00,2.358244002509289269e-02,1.738147584705441312e-02,1.640522032353665047e-02
3.188374677088232545e+01,3.280301200774577569e-02,2.472378585162837705e-02,0.000000000000000000e+00,2.363449634389769294e-02,1.743650146161567632e-02,1.645580005386078001e-02
3.198692628309472852e+01,3.285302551824911821e-02,2.482984994894519432e-02,0.000000000000000000e+00,2.368573607123453106e-02,1.749114127465763516e-02,1.650599812130214630e-02
3.209010579530713159e+01,3.290162421938049031e-02,2.493573126172024534e-02,0.000000000000000000e+00,2.373615283826062058e-02,1.754539164126162759e-02,1.655581100157849095e-02
3.219328530751953821e+01,3.294879795760718294e-02,2.504142640544262249e-02,0.000000000000000000e+00,2.378574027610449310e-02,1.759924891651755072e-02,1.660523517042777550e-02
3.229646481973193772e+01,3.299453657939641765e-02,2.514693199560139730e-02,0.000000000000000000e+00,2.383449201586569643e-02,1.765270945552387810e-02,1.665426710360824042e-02
3.239964433194433724e+01,3.303882993121545070e-02,2.525224464768566213e-02,0.000000000000000000e+00,2.388240168861482937e-02,1.770576961338774305e-02,1.670290327689854387e-02
3.250282384415673675e+01,3.308166785953156608e-02,2.535736097718449891e-02,0.000000000000000000e+00,2.392946292539331263e-02,1.775842574522494555e-02,1.675114016609782763e-02
3.260600335636914338e+01,3.312304021081199229e-02,2.546227759958700695e-02,0.000000000000000000e+00,2.397566935721321540e-02,1.781067420616000083e-02,1.679897424702580383e-02
3.270918286858155000e+01,3.316293683152398558e-02,2.556699113038225085e-02,0.000000000000000000e+00,2.402101461505720334e-02,1.786251135132617407e-02,1.684640199552286943e-02
3.281236238079394241e+01,3.320134756813480914e-02,2.567149818505932643e-02,0.000000000000000000e+00,2.406549232987837544e-02,1.791393353586555326e-02,1.689341988745020687e-02
3.291554189300634903e+01,3.323826226711169840e-02,2.577579537910731564e-02,0.000000000000000000e+00,2.410909613260013226e-02,1.796493711492904571e-02,1.694002439868983953e-02
3.301872140521874854e+01,3.327367077492192349e-02,2.587987932801529695e-02,0.000000000000000000e+00,2.415181965411601975e-02,1.801551844367645094e-02,1.698621200514477403e-02
3.312190091743115516e+01,3.330756293803273371e-02,2.598374664727237660e-02,0.000000000000000000e+00,2.419365652528956967e-02,1.806567387727647800e-02,1.703197918273905223e-02
3.322508042964356179e+01,3.333992860291140614e-02,2.608739395236761571e-02,0.000000000000000000e+00,2.423460037695430308e-02,1.811539977090682180e-02,1.707732240741789004e-02
3.332825994185595420e+01,3.337075761602514845e-02,2.619081785879009971e-02,0.000000000000000000e+00,2.427464483991339031e-02,1.816469247975414925e-02,1.712223815514771555e-02
3.343143945406836082e+01,3.340003982384123771e-02,2.629401498202893137e-02,0.000000000000000000e+00,2.431378354493966137e-02,1.821354835901418598e-02,1.716672290191631131e-02
3.353461896628076744e+01,3.342776507282694404e-02,2.639698193757318220e-02,0.000000000000000000e+00,2.435201012277545679e-02,1.826196376389176493e-02,1.721077312373290799e-02
3.363779847849316695e+01,3.345392320944949593e-02,2.649971534091193764e-02,0.000000000000000000e+00,2.438931820413240553e-02,1.830993504960080551e-02,1.725438529662822254e-02
3.374097799070556647e+01,3.347850408017615659e-02,2.660221180753428311e-02,0.000000000000000000e+00,2.442570141969138686e-02,1.835745857136441422e-02,1.729755589665462126e-02
3.384415750291796599e+01,3.350149753147418918e-02,2.670446795292930747e-02,0.000000000000000000e+00,2.446115340010238115e-02,1.840453068441491244e-02,1.734028139988618919e-02
3.394733701513037261e+01,3.352289340981083610e-02,2.680648039258608922e-02,0.000000000000000000e+00,2.449566777598426170e-02,1.845114774399385024e-02,1.738255828241880643e-02
3.405051652734277923e+01,3.354268156165335357e-02,2.690824574199372765e-02,0.000000000000000000e+00,2.452923817792472885e-02,1.849730610535208625e-02,1.742438302037025918e-02
3.415369603955517874e+01,3.356085183346899786e-02,2.700976061664127695e-02,0.000000000000000000e+00,2.456185823648016076e-02,1.854300212374979107e-02,1.746575208988032646e-02
3.425687555176757826e+01,3.357739407172501828e-02,2.711102163201784682e-02,0.000000000000000000e+00,2.459352158217544340e-02,1.858823215445651669e-02,1.750666196711089112e-02
3.436005506397998488e+01,3.359229812288868494e-02,2.721202540361252614e-02,0.000000000000000000e+00,2.462422184550394286e-02,1.863299255275124508e-02,1.754710912824602315e-02
3.446323457619238440e+01,3.360555383342721941e-02,2.731276854691437606e-02,0.000000000000000000e+00,2.465395265692717913e-02,1.867727967392236732e-02,1.758709004949204902e-02
3.456641408840479102e+01,3.361715104980791957e-02,2.741324767741250626e-02,0.000000000000000000e+00,2.468270764687490945e-02,1.872108987326780855e-02,1.762660120707771477e-02
3.466959360061718343e+01,3.362707961849798616e-02,2.751345941059596747e-02,0.000000000000000000e+00,2.471048044574479866e-02,1.876441950609498630e-02,1.766563907725417215e-02
3.477277311282959005e+01,3.363532938596471705e-02,2.761340036195387981e-02,0.000000000000000000e+00,2.473726468390244695e-02,1.880726492772094582e-02,1.770420013629520062e-02
3.487595262504199667e+01,3.364189019867536157e-02,2.771306714697532869e-02,0.000000000000000000e+00,2.476305399168114707e-02,1.884962249347232541e-02,1.774228086049722125e-02
3.497913213725439618e+01,3.364675190309715513e-02,2.781245638114936483e-02,0.000000000000000000e+00,2.478784199938177321e-02,1.889148855868539104e-02,1.777987772617936613e-02
3.508231164946680281e+01,3.364990434569735400e-02,2.791156467996510140e-02,0.000000000000000000e+00,2.481162233727264577e-02,1.893285947870614050e-02,1.781698720968365526e-02
3.518549116167919522e+01,3.365133737294322830e-02,2.801038865891160301e-02,0.000000000000000000e+00,2.483438863558946538e-02,1.897373160889031379e-02,1.785360578737504172e-02
3.528867067389160184e+01,3.365104083130201346e-02,2.810892493347798282e-02,0.000000000000000000e+00,2.485613452453506664e-02,1.901410130460341047e-02,1.788972993564151570e-02
3.539185018610400846e+01,3.364900456724097960e-02,2.820717011915329850e-02,0.000000000000000000e+00,2.487685363427934865e-02,1.905396492122075555e-02,1.792535613089418431e-02
3.549502969831640797e+01,3.364521842722735523e-02,2.830512083142663199e-02,0.000000000000000000e+00,2.489653959495908772e-02,1.909331881412752729e-02,1.796048084956736873e-02
3.559820921052881459e+01,3.363967225772843822e-02,2.840277368578710340e-02,0.000000000000000000e+00,2.491518603667792348e-02,1.913215933871884739e-02,1.799510056811876035e-02
3.570138872274121411e+01,3.363235590521144319e-02,2.850012529772377040e-02,0.000000000000000000e+00,2.493278658950606741e-02,1.917048285039972544e-02,1.802921176302939993e-02
3.580456823495361363e+01,3.362325921614363333e-02,2.859717228272570799e-02,0.000000000000000000e+00,2.494933488348028902e-02,1.920828570458518042e-02,1.806281091080387535e-02
3.590774774716602025e+01,3.361237203699227877e-02,2.869391125628202241e-02,0.000000000000000000e+00,2.496482454860367989e-02,1.924556425670025106e-02,1.809589448797035635e-02
3.601092725937841976e+01,3.359968421422461493e-02,2.879033883388178866e-02,0.000000000000000000e+00,2.497924921484562244e-02,1.928231486218006177e-02,1.812845897108071591e-02
3.611410677159081928e+01,3.358518559430789113e-02,2.888645163101408869e-02,0.000000000000000000e+00,2.499260251214155404e-02,1.931853387646981224e-02,1.816050083671061355e-02
3.621728628380322590e+01,3.356886602370938444e-02,2.898224626316802527e-02,0.000000000000000000e+00,2.500487807039293922e-02,1.935421765502486763e-02,1.819201656145959245e-02
3.632046579601562541e+01,3.355071534889633722e-02,2.907771934583265605e-02,0.000000000000000000e+00,2.501606951946703378e-02,1.938936255331077940e-02,1.822300262195118009e-02
3.642364530822803204e+01,3.353072341633600573e-02,2.917286749449708380e-02,0.000000000000000000e+00,2.502617048919678761e-02,1.942396492680332348e-02,1.825345549483297150e-02
3.652682482044043866e+01,3.350888007249563233e-02,2.926768732465039047e-02,0.000000000000000000e+00,2.503517460938075798e-02,1.945802113098855576e-02,1.828337165677672294e-02
3.663000433265283107e+01,3.348517516384249409e-02,2.936217545178165106e-02,0.000000000000000000e+00,2.504307550978287361e-02,1.949152752136281558e-02,1.831274758447845943e-02
3.673318384486523769e+01,3.345959853684381258e-02,2.945632849137996487e-02,0.000000000000000000e+00,2.504986682013238264e-02,1.952448045343282285e-02,1.834157975465855808e-02
3.683636335707763720e+01,3.343214003796687178e-02,2.955014305893440690e-02,0.000000000000000000e+00,2.505554217012372076e-02,1.955687628271569889e-02,1.836986464406185904e-02
3.693954286929004383e+01,3.340278951367891408e-02,2.964361576993405564e-02,0.000000000000000000e+00,2.506009518941630307e-02,1.958871136473895602e-02,1.839759872945771757e-02
3.704272238150244334e+01,3.337153681044718878e-02,2.973674323986802079e-02,0.000000000000000000e+00,2.506351950763442693e-02,1.961998205504061205e-02,1.842477848764014631e-02
3.714590189371484286e+01,3.333837177473895214e-02,2.982952208422536694e-02,0.000000000000000000e+00,2.506580875436720951e-02,1.965068470916920412e-02,1.845140039542791238e-02
3.724908140592724948e+01,3.330328425302146039e-02,2.992194891849517605e-02,0.000000000000000000e+00,2.506695655916827900e-02,1.968081568268379919e-02,1.847746092966455131e-02
3.735226091813964899e+01,3.326626409176197674e-02,3.001402035816653352e-02,0.000000000000000000e+00,2.506695655155585095e-02,1.971037133115407722e-02,1.850295656721857515e-02
3.745544043035205561e+01,3.322730113742773661e-02,3.010573301872854907e-02,0.000000000000000000e+00,2.506580236101241255e-02,1.973934801016037285e-02,1.852788378498349334e-02
3.755861994256445513e+01,3.318638523648600319e-02,3.019708351567026300e-02,0.000000000000000000e+00,2.506348761698470526e-02,1.976774207529365113e-02,1.855223905987790287e-02
3.766179945477685465e+01,3.314350623540403273e-02,3.028806846448079890e-02,0.000000000000000000e+00,2.506000594888352362e-02,1.979554988215565317e-02,1.857601886884564443e-02
3.776497896698926127e+01,3.309865398064908149e-02,3.037868448064923177e-02,0.000000000000000000e+00,2.505535098608361808e-02,1.982276778635885112e-02,1.859921968885583365e-02
3.786815847920166789e+01,3.305181831868838488e-02,3.046892817966464009e-02,0.000000000000000000e+00,2.504951635792354234e-02,1.984939214352651055e-02,1.862183799690297556e-02
3.797133799141406740e+01,3.300298909598923386e-02,3.055879617701610235e-02,0.000000000000000000e+00,2.504249569370550765e-02,1.987541930929275641e-02,1.864387027000707561e-02
3.807451750362646692e+01,3.295215615901884304e-02,3.064828508819271435e-02,0.000000000000000000e+00,2.503428262269525445e-02,1.990084563930258690e-02,1.866531298521370563e-02
3.817769701583886643e+01,3.289930935424448255e-02,3.073739152868355459e-02,0.000000000000000000e+00,2.502487077412196212e-02,1.992566748921194286e-02,1.868616261959413910e-02
3.828087652805127306e+01,3.284443852813340864e-02,3.082611211397772930e-02,0.000000000000000000e+00,2.501425377717804432e-02,1.994988121468769735e-02,1.870641565024539280e-02
3.838405604026367968e+01,3.278753352715288449e-02,3.091444345956428225e-02,0.000000000000000000e+00,2.500242526101905532e-02,1.997348317140774931e-02,1.872606855429035516e-02
3.848723555247607209e+01,3.272858419777013167e-02,3.100238218093231621e-02,0.000000000000000000e+00,2.498937885476352691e-02,1.999646971506104792e-02,1.874511780887786958e-02
3.859041506468847871e+01,3.266758038645242723e-02,3.108992489357093394e-02,0.000000000000000000e+00,2.497510818749286779e-02,2.001883720134763067e-02,1.876355989118285925e-02
3.869359457690087822e+01,3.260451193966704825e-02,3.117706821296921046e-02,0.000000000000000000e+00,2.495960688825124563e-02,2.004058198597866852e-02,1.878139127840637232e-02
3.879677408911328484e+01,3.253936870388119545e-02,3.126380875461622078e-02,0.000000000000000000e+00,2.494286858604530255e-02,2.006170042467644160e-02,1.879860844777566861e-02
3.889995360132569147e+01,3.247214052556215980e-02,3.135014313400105029e-02,0.000000000000000000e+00,2.492488690984426963e-02,2.008218887317454390e-02,1.881520787654441043e-02
3.900313311353808388e+01,3.240281725117720446e-02,3.143606796661279484e-02,0.000000000000000000e+00,2.490565548857963385e-02,2.010204368721774451e-02,1.883118604199264176e-02
3.910631262575049050e+01,3.233138872719354406e-02,3.152157986794053290e-02,0.000000000000000000e+00,2.488516795114502703e-02,2.012126122256212291e-02,1.884653942142694091e-02
3.920949213796289712e+01,3.225784480007845567e-02,3.160667545347334295e-02,0.000000000000000000e+00,2.486341792639619463e-02,2.013983783497508978e-02,1.886126449218051421e-02
3.931267165017529663e+01,3.218217531629918859e-02,3.169135133870031734e-02,0.000000000000000000e+00,2.484039904315077027e-02,2.015776988023545643e-02,1.887535773161327229e-02
3.941585116238769615e+01,3.210437012232301296e-02,3.177560413911053455e-02,0.000000000000000000e+00,2.481610493018818545e-02,2.017505371413341742e-02,1.888881561711194465e-02
3.951903067460009567e+01,3.202441906461715726e-02,3.185943047019308000e-02,0.000000000000000000e+00,2.479052921624946143e-02,2.019168569247062339e-02,1.890163462609014897e-02
3.962221018681250229e+01,3.194231198964889162e-02,3.194282694743705298e-02,0.000000000000000000e+00,2.476366553003718496e-02,2.020766217106025400e-02,1.891381123598850217e-02
3.972538969902490891e+01,3.185803874388547230e-02,3.202579018633153196e-02,0.000000000000000000e+00,2.473550750021528272e-02,2.022297950572699704e-02,1.892534192427472450e-02
3.982856921123730842e+01,3.177158917379414166e-02,3.210831680236558155e-02,0.000000000000000000e+00,2.470604875540890685e-02,2.023763405230711437e-02,1.893622316844369852e-02
3.993174872344970794e+01,3.168295312584215595e-02,3.219040341102831493e-02,0.000000000000000000e+00,2.467528292420435171e-02,2.025162216664851828e-02,1.894645144601760436e-02
4.003492823566211456e+01,3.159212044649677836e-02,3.227204662780878974e-02,0.000000000000000000e+00,2.464320363514884565e-02,2.026494020461074713e-02,1.895602323454598920e-02
4.013810774787451408e+01,3.149908098222525821e-02,3.235324306819611223e-02,0.000000000000000000e+00,2.460980451675045741e-02,2.027758452206505912e-02,1.896493501160585737e-02
4.024128726008692070e+01,3.140382457949483092e-02,3.243398934767936087e-02,0.000000000000000000e+00,2.457507919747793645e-02,2.028955147489445651e-02,1.897318325480179882e-02
4.034446677229931311e+01,3.130634108477279437e-02,3.251428208174760720e-02,0.000000000000000000e+00,2.453902130576063323e-02,2.030083741899371685e-02,1.898076444176603761e-02
4.044764628451171973e+01,3.120662034452635972e-02,3.259411788588995745e-02,0.000000000000000000e+00,2.450162446998829791e-02,2.031143871026945547e-02,1.898767505015856727e-02
4.055082579672412635e+01,3.110465220522278668e-02,3.267349337559549011e-02,0.000000000000000000e+00,2.446288231851093814e-02,2.032135170464012541e-02,1.899391155766719935e-02
4.065400530893652586e+01,3.100042651332934537e-02,3.275240516635327670e-02,0.000000000000000000e+00,2.442278847963878438e-02,2.033057275803612160e-02,1.899947044200771956e-02
4.075718482114893249e+01,3.089393311531329553e-02,3.283084987365241653e-02,0.000000000000000000e+00,2.438133658164202966e-02,2.033909822639974954e-02,1.900434818092391898e-02
4.086036433336132490e+01,3.078516185764188298e-02,3.290882411298198806e-02,0.000000000000000000e+00,2.433852025275079142e-02,2.034692446568533639e-02,1.900854125218773283e-02
4.096354384557373152e+01,3.067410258678233623e-02,3.298632449983106979e-02,0.000000000000000000e+00,2.429433312115492072e-02,2.035404783185921357e-02,1.901204613359930642e-02
4.106672335778613814e+01,3.056074514920194968e-02,3.306334764968875406e-02,0.000000000000000000e+00,2.424876881500383219e-02,2.036046468089977579e-02,1.901485930298709576e-02
4.116990286999853765e+01,3.044507939136794489e-02,3.313989017804413323e-02,0.000000000000000000e+00,2.420182096240650060e-02,2.036617136879755735e-02,1.901697723820799588e-02
4.127308238221093717e+01,3.032709515974759545e-02,3.321594870038627190e-02,0.000000000000000000e+00,2.415348319143123881e-02,2.037116425155523908e-02,1.901839641714738599e-02
4.137626189442334379e+01,3.020678230080815416e-02,3.329151983220426242e-02,0.000000000000000000e+00,2.410374913010548958e-02,2.037543968518767956e-02,1.901911331771925437e-02
4.147944140663574331e+01,3.008413066101686684e-02,3.336660018898721797e-02,0.000000000000000000e+00,2.405261240641583947e-02,2.037899402572197066e-02,1.901912441786627120e-02
4.158262091884814993e+01,2.995913008684097587e-02,3.344118638622418233e-02,0.000000000000000000e+00,2.400006664830778291e-02,2.038182362919748608e-02,1.901842619555989267e-02
4.168580043106054944e+01,2.983177042474776872e-02,3.351527503940425479e-02,0.000000000000000000e+00,2.394610548368562852e-02,2.038392485166591259e-02,1.901701512880048239e-02
4.178897994327294896e+01,2.970204152120448429e-02,3.358886276401652077e-02,0.000000000000000000e+00,2.389072254041236035e-02,2.038529404919129512e-02,1.901488769561735653e-02
4.189215945548535558e+01,2.956993322267836150e-02,3.366194617555006569e-02,0.000000000000000000e+00,2.383391144630945396e-02,2.038592757785007842e-02,1.901204037406890174e-02
4.199533896769775509e+01,2.943543537563666698e-02,3.373452188949397496e-02,0.000000000000000000e+00,2.377566582915682791e-02,2.038582179373113479e-02,1.900846964224268271e-02
4.209851847991016172e+01,2.929853782654666394e-02,3.380658652133734093e-02,0.000000000000000000e+00,2.371597931669264248e-02,2.038497305293583695e-02,1.900417197825552892e-02
4.220169799212256834e+01,2.915923042187557740e-02,3.387813668656923516e-02,0.000000000000000000e+00,2.365484553661317130e-02,2.038337771157804415e-02,1.899914386025360058e-02
4.230487750433496075e+01,2.901750300809069483e-02,3.394916900067873611e-02,0.000000000000000000e+00,2.359225811657269731e-02,2.038103212578419587e-02,1.899338176641251347e-02
4.240805701654736737e+01,2.887334543165925860e-02,3.401968007915495695e-02,0.000000000000000000e+00,2.352821068418337394e-02,2.037793265169336732e-02,1.898688217493746042e-02
4.251123652875976688e+01,2.872674753904851108e-02,3.408966653748694842e-02,0.000000000000000000e+00,2.346269686701503085e-02,2.037407564545721042e-02,1.897964156406321476e-02
4.261441604097217350e+01,2.857769917672570853e-02,3.415912499116381673e-02,0.000000000000000000e+00,2.339571029259511145e-02,2.036945746324010653e-02,1.897165641205432463e-02
4.271759555318457302e+01,2.842619019115811066e-02,3.422805205567464037e-02,0.000000000000000000e+00,2.332724458840848905e-02,2.036407446121913170e-02,1.896292319720512681e-02
4.282077506539697254e+01,2.827221042881299107e-02,3.429644434650849782e-02,0.000000000000000000e+00,2.325729338189739745e-02,2.035792299558417118e-02,1.895343839783991680e-02
4.292395457760937916e+01,2.811574973615756784e-02,3.436429847915449531e-02,0.000000000000000000e+00,2.318585030046118808e-02,2.035099942253787778e-02,1.894319849231299036e-02
4.302713408982177867e+01,2.795679795965911457e-02,3.443161106910170438e-02,0.000000000000000000e+00,2.311290897145630574e-02,2.034330009829577249e-02,1.893219995900873379e-02
4.313031360203418529e+01,2.779534494578489445e-02,3.449837873183920350e-02,0.000000000000000000e+00,2.303846302219607692e-02,2.033482137908625836e-02,1.892043927634175920e-02
4.323349311424658481e+01,2.763138054100213251e-02,3.456459808285606422e-02,0.000000000000000000e+00,2.296250607995058146e-02,2.032555962115064480e-02,1.890791292275694618e-02
4.333667262645898433e+01,2.746489459177809539e-02,3.463026573764140664e-02,0.000000000000000000e+00,2.288503177194661439e-02,2.031551118074327936e-02,1.889461737672962216e-02
4.343985213867139095e+01,2.729587694458006364e-02,3.469537831168429537e-02,0.000000000000000000e+00,2.280603372536738754e-02,2.030467241413144025e-02,1.888054911676553468e-02
4.354303165088379757e+01,2.712431744587524493e-02,3.475993242047381582e-02,0.000000000000000000e+00,2.272550556735251220e-02,2.029303967759551325e-02,1.886570462140104570e-02
4.364621116309618998e+01,2.695020594213093715e-02,3.482392467949905340e-02,0.000000000000000000e+00,2.264344092499784300e-02,2.028060932742895353e-02,1.885008036920319749e-02
4.374939067530859660e+01,2.677353227981435144e-02,3.488735170424909354e-02,0.000000000000000000e+00,2.255983342535530789e-02,2.026737771993834814e-02,1.883367283876977161e-02
4.385257018752099611e+01,2.659428630539279262e-02,3.495021011021302165e-02,0.000000000000000000e+00,2.247467669543285959e-02,2.025334121144350269e-02,1.881647850872946240e-02
4.395574969973340274e+01,2.641245786533346143e-02,3.501249651287992315e-02,0.000000000000000000e+00,2.238796436219416333e-02,2.023849615827736509e-02,1.879849385774185269e-02
4.405892921194580936e+01,2.622803680610363841e-02,3.507420752773888345e-02,0.000000000000000000e+00,2.229969005255868358e-02,2.022283891678620590e-02,1.877971536449763584e-02
4.416210872415820177e+01,2.604101297417061103e-02,3.513533977027897409e-02,0.000000000000000000e+00,2.220984739340138570e-02,2.020636584332956634e-02,1.876013950771863309e-02
4.426528823637060839e+01,2.585137621600155922e-02,3.519588985598930131e-02,0.000000000000000000e+00,2.211843001155265609e-02,2.018907329428032416e-02,1.873976276615788375e-02
4.436846774858300790e+01,2.565911637806378084e-02,3.525585440035892276e-02,0.000000000000000000e+00,2.202543153379816349e-02,2.017095762602474224e-02,1.871858161859979441e-02
4.447164726079541452e+01,2.546422330682454258e-02,3.531523001887695856e-02,0.000000000000000000e+00,2.193084558687878952e-02,2.015201519496252758e-02,1.869659254386019445e-02
4.457482677300782115e+01,2.526668684875105902e-02,3.537401332703248025e-02,0.000000000000000000e+00,2.183466579749032341e-02,2.013224235750680352e-02,1.867379202078640887e-02
4.467800628522021356e+01,2.506649685031062461e-02,3.543220094031453854e-02,0.000000000000000000e+00,2.173688579228352791e-02,2.011163547008423119e-02,1.865017652825740752e-02
4.478118579743262018e+01,2.486364315797045740e-02,3.548978947421227437e-02,0.000000000000000000e+00,2.163749919786384437e-02,2.009019088913501644e-02,1.862574254518387443e-02
4.488436530964502680e+01,2.465811561819784489e-02,3.554677554421473845e-02,0.000000000000000000e+00,2.153649964079136503e-02,2.006790497111293411e-02,1.860048655050827379e-02
4.498754482185742631e+01,2.444990407746001557e-02,3.560315576581101621e-02,0.000000000000000000e+00,2.143388074758063866e-02,2.004477407248539400e-02,1.857440502320500259e-02
4.509072433406982583e+01,2.423899838222422914e-02,3.565892675449017918e-02,0.000000000000000000e+00,2.132963614470052838e-02,2.002079454973346162e-02,1.854749444228041833e-02
4.519390384628222535e+01,2.402538837895776616e-02,3.571408512574134747e-02,0.000000000000000000e+00,2.122375945857416651e-02,1.999596275935194498e-02,1.851975128677300561e-02
4.529708335849463197e+01,2.380906391412783082e-02,3.576862749505359262e-02,0.000000000000000000e+00,2.111624431557867360e-02,1.997027505784937026e-02,1.849117203575340040e-02
4.540026287070703859e+01,2.359001483420170020e-02,3.582255047791598618e-02,0.000000000000000000e+00,2.100708434204512712e-02,1.994372780174804086e-02,1.846175316832452187e-02
4.550344238291943810e+01,2.336823098564666176e-02,3.587585068981763436e-02,0.000000000000000000e+00,2.089627316425846787e-02,1.991631734758414485e-02,1.843149116362168688e-02
4.560662189513183762e+01,2.314370221492991972e-02,3.592852474624758097e-02,0.000000000000000000e+00,2.078380440845718422e-02,1.988804005190767873e-02,1.840038250081263774e-02
4.570980140734424424e+01,2.291641836851873379e-02,3.598056926269495998e-02,0.000000000000000000e+00,2.066967170083336414e-02,1.985889227128261741e-02,1.836842365909771568e-02
4.581298091955664376e+01,2.268636929288038798e-02,3.603198085464883599e-02,0.000000000000000000e+00,2.055386866753247666e-02,1.982887036228684827e-02,1.833561111770990598e-02
4.591616043176905038e+01,2.245354483448212118e-02,3.608275613759828748e-02,0.000000000000000000e+00,2.043638893465324347e-02,1.979797068151225442e-02,1.830194135591492466e-02
4.601933994398144279e+01,2.221793483979119660e-02,3.613289172703239294e-02,0.000000000000000000e+00,2.031722612824748281e-02,1.976618958556476333e-02,1.826741085301133993e-02
4.612251945619384941e+01,2.197952915527483578e-02,3.618238423844027246e-02,0.000000000000000000e+00,2.019637387432003314e-02,1.973352343106440226e-02,1.823201608833068324e-02
4.622569896840625603e+01,2.173831762740032619e-02,3.623123028731096984e-02,0.000000000000000000e+00,2.007382579882854498e-02,1.969996857464527060e-02,1.819575354123748392e-02
4.632887848061865554e+01,2.149429010263491022e-02,3.627942648913358437e-02,0.000000000000000000e+00,1.994957552768340803e-02,1.966552137295566466e-02,1.815861969112941149e-02
4.643205799283106217e+01,2.124743642744582675e-02,3.632696945939720146e-02,0.000000000000000000e+00,1.982361668674758812e-02,1.963017818265807429e-02,1.812061101743735886e-02
4.653523750504345458e+01,2.099774644830039103e-02,3.637385581359090653e-02,0.000000000000000000e+00,1.969594290183651619e-02,1.959393536042924183e-02,1.808172399962554994e-02
4.663841701725586120e+01,2.074521001166576908e-02,3.642008216720379887e-02,0.000000000000000000e+00,1.956654779871784544e-02,1.955678926296013781e-02,1.804195511719157430e-02
4.674159652946826782e+01,2.048981696400925187e-02,3.646564513572494309e-02,0.000000000000000000e+00,1.943542500311149640e-02,1.951873624695612403e-02,1.800130084966655719e-02
4.684477604168066733e+01,2.023155715179813033e-02,3.651054133464342460e-02,0.000000000000000000e+00,1.930256814068941063e-02,1.947977266913690844e-02,1.795975767661524281e-02
4.694795555389306685e+01,1.997042042149960520e-02,3.655476737944832882e-02,0.000000000000000000e+00,1.916797083707535987e-02,1.943989488623656253e-02,1.791732207763600468e-02
4.705113506610547347e+01,1.970639661958094313e-02,3.659831988562876198e-02,0.000000000000000000e+00,1.903162671784497384e-02,1.939909925500366006e-02,1.787399053236106428e-02
4.715431457831787299e+01,1.943947559250942120e-02,3.664119546867376787e-02,0.000000000000000000e+00,1.889352940852546264e-02,1.935738213220123891e-02,1.782975952045649792e-02
4.725749409053027961e+01,1.916964718675228524e-02,3.668339074407248046e-02,0.000000000000000000e+00,1.875367253459555086e-02,1.931473987460686353e-02,1.778462552162236171e-02
4.736067360274267912e+01,1.889690124877677069e-02,3.672490232731393661e-02,0.000000000000000000e+00,1.861204972148527981e-02,1.927116883901267008e-02,1.773858501559276435e-02
4.746385311495507864e+01,1.862122762505014420e-02,3.676572683388724255e-02,0.000000000000000000e+00,1.846865459457598668e-02,1.922666538222540106e-02,1.769163448213599901e-02
4.756703262716748526e+01,1.834261616203966896e-02,3.680586087928149758e-02,0.000000000000000000e+00,1.832348077920005480e-02,1.918122586106647820e-02,1.764377040105463354e-02
4.767021213937988477e+01,1.806105670621258388e-02,3.684530107898577322e-02,0.000000000000000000e+00,1.817652190064081991e-02,1.913484663237198860e-02,1.759498925218555207e-02
4.777339165159229140e+01,1.777653910403612786e-02,3.688404404848914103e-02,0.000000000000000000e+00,1.802777158413242792e-02,1.908752405299273328e-02,1.754528751540009035e-02
4.787657116380468381e+01,1.748905320197763000e-02,3.692208640328070030e-02,0.000000000000000000e+00,1.787722345485978984e-02,1.903925447979435553e-02,1.749466167060416411e-02
4.797975067601709043e+01,1.719858884650423900e-02,3.695942475884953643e-02,0.000000000000000000e+00,1.772487113795823827e-02,1.899003426965725772e-02,1.744310819773828292e-02
4.808293018822949705e+01,1.690513588408325968e-02,3.699605573068474179e-02,0.000000000000000000e+00,1.757070825851359680e-02,1.893985977947671914e-02,1.739062357677770287e-02
4.818610970044189656e+01,1.660868416118195523e-02,3.703197593427536016e-02,0.000000000000000000e+00,1.741472844156194411e-02,1.888872736616289266e-02,1.733720428773249250e-02
4.828928921265430318e+01,1.630922352426758190e-02,3.706718198511053247e-02,0.000000000000000000e+00,1.725692531208952371e-02,1.883663338664093301e-02,1.728284681064766806e-02
4.839246872486670270e+01,1.600674381980737165e-02,3.710167049867930944e-02,0.000000000000000000e+00,1.709729249503255666e-02,1.878357419785090313e-02,1.722754762560323172e-02
4.849564823707910222e+01,1.570123489426859462e-02,3.713543809047077648e-02,0.000000000000000000e+00,1.693582361527715130e-02,1.872954615674792336e-02,1.717130321271429644e-02
4.859882774929150884e+01,1.539268659411850010e-02,3.716848137597404678e-02,0.000000000000000000e+00,1.677251229765915758e-02,1.867454562030219922e-02,1.711411005213119702e-02
4.870200726150390835e+01,1.508108876582433221e-02,3.720079697067815022e-02,0.000000000000000000e+00,1.660735216696398661e-02,1.861856894549897626e-02,1.705596462403952823e-02
4.880518677371631497e+01,1.476643125585333852e-02,3.723238149007222081e-02,0.000000000000000000e+00,1.644033684792654826e-02,1.856161248933869620e-02,1.699686340866030793e-02
4.890836628592871449e+01,1.444870391067282905e-02,3.726323154964533008e-02,0.000000000000000000e+00,1.627145996523111926e-02,1.850367260883698309e-02,1.693680288625003943e-02
4.901154579814111401e+01,1.412789657674999068e-02,3.729334376488654956e-02,0.000000000000000000e+00,1.610071514351108651e-02,1.844474566102467794e-02,1.687577953710078446e-02
4.911472531035352063e+01,1.380399910055209178e-02,3.732271475128498550e-02,0.000000000000000000e+00,1.592809600734892972e-02,1.838482800294786307e-02,1.681378984154027756e-02
4.921790482256592725e+01,1.347700132854639382e-02,3.735134112432971637e-02,0.000000000000000000e+00,1.575359618127609648e-02,1.832391599166798696e-02,1.675083027993204410e-02
4.932108433477831966e+01,1.314689310720021376e-02,3.737921949950979983e-02,0.000000000000000000e+00,1.557720928977277680e-02,1.826200598426179489e-02,1.668689733267545230e-02
4.942426384699072628e+01,1.281366428298068641e-02,3.740634649231434905e-02,0.000000000000000000e+00,1.539892895726778337e-02,1.819909433782143302e-02,1.662198748020582428e-02
4.952744335920312579e+01,1.247730470235514436e-02,3.743271871823244945e-02,0.000000000000000000e+00,1.521874880813851860e-02,1.813517740945452122e-02,1.655609720299454704e-02
4.963062287141553242e+01,1.213780421179082823e-02,3.745833279275317951e-02,0.000000000000000000e+00,1.503666246671073875e-02,1.807025155628410804e-02,1.648922298154915228e-02
4.973380238362793904e+01,1.179515265775496306e-02,3.748318533136560382e-02,0.000000000000000000e+00,1.485266355725841161e-02,1.800431313544876774e-02,1.642136129641338926e-02
4.983698189584033145e+01,1.144933988671486581e-02,3.750727294955884944e-02,0.000000000000000000e+00,1.466674570400368013e-02,1.793735850410264898e-02,1.635250862816738440e-02
4.994016140805273807e+01,1.110035574513773375e-02,3.753059226282196015e-02,0.000000000000000000e+00,1.447890253111659177e-02,1.786938401941545740e-02,1.628266145742763779e-02
5.004334092026513758e+01,1.074819007949083700e-02,3.755313988664404218e-02,0.000000000000000000e+00,1.428912766271509330e-02,1.780038603857258053e-02,1.621181626484720709e-02
5.014652043247754420e+01,1.039283273624141100e-02,3.757491243651417401e-02,0.000000000000000000e+00,1.409741472286478101e-02,1.773036091877504272e-02,1.613996953111575608e-02
5.024969994468994372e+01,1.003427356185674843e-02,3.759590652792143411e-02,0.000000000000000000e+00,1.390375733557889029e-02,1.765930501723962653e-02,1.606711773695966225e-02
5.035287945690234324e+01,9.672502402804107266e-03,3.761611877635492873e-02,0.000000000000000000e+00,1.370814912481805800e-02,1.758721469119887276e-02,1.599325736314212085e-02
5.045605896911474986e+01,9.307509105550677841e-03,3.763554579730372940e-02,0.000000000000000000e+00,1.351058371449014896e-02,1.751408629790105961e-02,1.591838489046318653e-02
5.055923848132715648e+01,8.939283516563751100e-03,3.765418420625692153e-02,0.000000000000000000e+00,1.331105472845030627e-02,1.743991619461040393e-02,1.584249679975996070e-02
5.066241799353955599e+01,8.567815482310630129e-03,3.767203061870356279e-02,0.000000000000000000e+00,1.310955579050065815e-02,1.736470073860694324e-02,1.576558957190658805e-02
5.076559750575195551e+01,8.193094849258498319e-03,3.768908165013278716e-02,0.000000000000000000e+00,1.290608052439019132e-02,1.728843628718667105e-02,1.568765968781443351e-02
5.086877701796435503e+01,7.815111463874637940e-03,3.770533391603364537e-02,0.000000000000000000e+00,1.270062255381467289e-02,1.721111919766151258e-02,1.560870362843210478e-02
5.097195653017676165e+01,7.433855172626302639e-03,3.772078403189524365e-02,0.000000000000000000e+00,1.249317550241650816e-02,1.713274582735943574e-02,1.552871787474560325e-02
5.107513604238916827e+01,7.049315821980716573e-03,3.773542861320664660e-02,0.000000000000000000e+00,1.228373299378454284e-02,1.705331253362443386e-02,1.544769890777838300e-02
5.117831555460156778e+01,6.661483258405184564e-03,3.774926427545695351e-02,0.000000000000000000e+00,1.207228865145404395e-02,1.697281567381661929e-02,1.536564320859147570e-02
5.128149506681396730e+01,6.270347328366935105e-03,3.776228763413522205e-02,0.000000000000000000e+00,1.185883609890642752e-02,1.689125160531218875e-02,1.528254725828354088e-02
5.138467457902637392e+01,5.875897878333227048e-03,3.777449530473057926e-02,0.000000000000000000e+00,1.164336895956922038e-02,1.680861668550356555e-02,1.519840753799102037e-02
5.148785409123877344e+01,5.478124754771309703e-03,3.778588390273208975e-02,0.000000000000000000e+00,1.142588085681588844e-02,1.672490727179933370e-02,1.511322052888816950e-02
5.159103360345118006e+01,5.077017804148415900e-03,3.779645004362882504e-02,0.000000000000000000e+00,1.120636541396569097e-02,1.664011972162436973e-02,1.502698271218718545e-02
5.169421311566357247e+01,4.672566872931889492e-03,3.780619034290988445e-02,0.000000000000000000e+00,1.098481625428362161e-02,1.655425039241983920e-02,1.493969056913832701e-02
5.179739262787597909e+01,4.264761807588850553e-03,3.781510141606434644e-02,0.000000000000000000e+00,1.076122700098008401e-02,1.646729564164320370e-02,1.485134058102991796e-02
5.190057214008838571e+01,3.853592454586616915e-03,3.782317987858130337e-02,0.000000000000000000e+00,1.053559127721101149e-02,1.637925182676835262e-02,1.476192922918855531e-02
5.200375165230078522e+01,3.439048660392493833e-03,3.783042234594983372e-02,0.000000000000000000e+00,1.030790270607758082e-02,1.629011530528559279e-02,1.467145299497915785e-02
5.210693116451319185e+01,3.021120271473639544e-03,3.783682543365903678e-02,0.000000000000000000e+00,1.007815491062602833e-02,1.619988243470164846e-02,1.457990835980499736e-02
5.221011067672558426e+01,2.599797134297401370e-03,3.784238575719796327e-02,0.000000000000000000e+00,9.846341513847677723e-03,1.610854957253978620e-02,1.448729180510790158e-02
5.231329018893799088e+01,2.175069095330940151e-03,3.784709993205573331e-02,0.000000000000000000e+00,9.612456138678626000e-03,1.601611307633978368e-02,1.439359981236826291e-02
5.241646970115039750e+01,1.746926001041580658e-03,3.785096457372141149e-02,0.000000000000000000e+00,9.376492407999771281e-03,1.592256930365803375e-02,1.429882886310518582e-02
5.251964921336279701e+01,1.315357697896552686e-03,3.785397629768408323e-02,0.000000000000000000e+00,9.138443944636554309e-03,1.582791461206752362e-02,1.420297543887655105e-02
5.262282872557519653e+01,8.803540323631105311e-04,3.785613171943284783e-02,0.000000000000000000e+00,8.898304371358897735e-03,1.573214535915792855e-02,1.410603602127913185e-02
5.272600823778760315e+01,4.419048509085085467e-04,3.785742745445676988e-02,0.000000000000000000e+00,8.656067310881018773e-03,1.563525790253560838e-02,1.400800709194864949e-02
5.282918775000000267e+01,0.000000000000000000e+00,3.785786011824494174e-02,0.000000000000000000e+00,8.411726385861326843e-03,1.553724859982368901e-02,1.390888513255992415e-02
