q,p_MeV,branch_weighted_phi_e,branch_weighted_phi_mu,branch_weighted_phi_tau
1.000000000000000021e-02,1.277497250000000136e-03,1.061318435146047856e-10,5.306634933981781862e-11,0.000000000000000000e+00
2.069447603419498805e+01,2.643713622387500628e+00,4.317955707583200639e-04,2.196872969950114146e-04,0.000000000000000000e+00
4.137895206838997098e+01,5.286149747525000109e+00,1.635487364424828560e-03,8.480378064007197984e-04,0.000000000000000000e+00
6.206342810258495746e+01,7.928585872662500478e+00,3.474850739836398122e-03,1.839643332185150445e-03,0.000000000000000000e+00
8.274790413677995105e+01,1.057102199780000262e+01,5.813660949698058918e-03,3.149095625249980889e-03,0.000000000000000000e+00
1.034323801709749375e+02,1.321345812293750299e+01,8.515693246714835588e-03,4.730986436496885904e-03,0.000000000000000000e+00
1.241168562051699240e+02,1.585589424807500158e+01,1.144472288359175624e-02,6.539907516827540152e-03,0.000000000000000000e+00
1.448013322393649105e+02,1.849833037321250373e+01,1.446452511303385896e-02,8.530450617143622849e-03,0.000000000000000000e+00
1.654858082735598828e+02,2.114076649835000055e+01,1.743887518774615494e-02,1.065720748834680758e-02,0.000000000000000000e+00
1.861702843077548550e+02,2.378320262348750092e+01,2.023154836043368834e-02,1.287476988133877398e-02,0.000000000000000000e+00
2.068547603419498557e+02,2.642563874862500128e+01,2.270631988380148250e-02,1.513772954702119304e-02,0.000000000000000000e+00
2.275392363761448564e+02,2.906807487376250521e+01,2.472696501055457116e-02,1.740067823629574614e-02,0.000000000000000000e+00
2.482237124103398287e+02,3.171051099890000202e+01,2.615725899339796032e-02,1.961820770006410947e-02,0.000000000000000000e+00
2.689081884445348010e+02,3.435294712403749884e+01,2.686097708503670453e-02,2.174490968922794532e-02,0.000000000000000000e+00
2.895926644787298301e+02,3.699538324917500631e+01,2.670189453817582714e-02,2.373537595468895589e-02,0.000000000000000000e+00
3.102771405129248024e+02,3.963781937431250668e+01,2.554378660552034802e-02,2.554419824734879829e-02,0.000000000000000000e+00
3.309616165471197746e+02,4.228025549945000705e+01,2.325042853977529744e-02,2.712596831810915043e-02,0.000000000000000000e+00
3.516460925813147469e+02,4.492269162458750031e+01,1.968559559364571609e-02,2.843527791787169370e-02,0.000000000000000000e+00
3.723305686155097192e+02,4.756512774972500068e+01,1.471306301983661691e-02,2.942671879753809561e-02,0.000000000000000000e+00
3.930150446497047483e+02,5.020756387486250816e+01,8.196606071053019749e-03,3.005488270801005141e-02,0.000000000000000000e+00
4.136995206838997206e+02,5.285000000000000142e+01,0.000000000000000000e+00,3.027436140018921473e-02,0.000000000000000000e+00
