index,state
0.000000000000000000e+00,4.982142933065695223e-01
1.000000000000000000e+00,3.805040650124058311e-07
2.000000000000000000e+00,1.458213234636579059e-13
3.000000000000000000e+00,5.588337219215019477e-20
4.000000000000000000e+00,2.141628681860250895e-26
5.000000000000000000e+00,8.207402722935070163e-33
6.000000000000000000e+00,3.145337939625079054e-39
7.000000000000000000e+00,1.205393604824460506e-45
8.000000000000000000e+00,4.619451933120171209e-52
9.000000000000000000e+00,1.770321003612392240e-58
1.000000000000000000e+01,6.784433524160841638e-65
1.100000000000000000e+01,2.600010853954521205e-71
1.200000000000000000e+01,9.964069095242043862e-78
1.300000000000000000e+01,3.818548402740299226e-84
1.400000000000000000e+01,1.463389280493128819e-90
1.500000000000000000e+01,5.608173474311630180e-97
1.600000000000000000e+01,2.149230566139804617e-103
1.700000000000000000e+01,8.236535562938759368e-110
1.800000000000000000e+01,3.156502571122471742e-116
1.900000000000000000e+01,1.209672246949886114e-122
2.000000000000000000e+01,4.635849051503941826e-129
2.100000000000000000e+01,4.982142933065695223e-01
2.200000000000000000e+01,3.805040650124058311e-07
2.300000000000000000e+01,1.458213234636579059e-13
2.400000000000000000e+01,5.588337219215019477e-20
2.500000000000000000e+01,2.141628681860250895e-26
2.600000000000000000e+01,8.207402722935070163e-33
2.700000000000000000e+01,3.145337939625079054e-39
2.800000000000000000e+01,1.205393604824460506e-45
2.900000000000000000e+01,4.619451933120171209e-52
3.000000000000000000e+01,1.770321003612392240e-58
3.100000000000000000e+01,6.784433524160841638e-65
3.200000000000000000e+01,2.600010853954521205e-71
3.300000000000000000e+01,9.964069095242043862e-78
3.400000000000000000e+01,3.818548402740299226e-84
3.500000000000000000e+01,1.463389280493128819e-90
3.600000000000000000e+01,5.608173474311630180e-97
3.700000000000000000e+01,2.149230566139804617e-103
3.800000000000000000e+01,8.236535562938759368e-110
3.900000000000000000e+01,3.156502571122471742e-116
4.000000000000000000e+01,1.209672246949886114e-122
4.100000000000000000e+01,4.635849051503941826e-129
4.200000000000000000e+01,4.982142933065695223e-01
4.300000000000000000e+01,3.805040650124058311e-07
4.400000000000000000e+01,1.458213234636579059e-13
4.500000000000000000e+01,5.588337219215019477e-20
4.600000000000000000e+01,2.141628681860250895e-26
4.700000000000000000e+01,8.207402722935070163e-33
4.800000000000000000e+01,3.145337939625079054e-39
4.900000000000000000e+01,1.205393604824460506e-45
5.000000000000000000e+01,4.619451933120171209e-52
5.100000000000000000e+01,1.770321003612392240e-58
5.200000000000000000e+01,6.784433524160841638e-65
5.300000000000000000e+01,2.600010853954521205e-71
5.400000000000000000e+01,9.964069095242043862e-78
5.500000000000000000e+01,3.818548402740299226e-84
5.600000000000000000e+01,1.463389280493128819e-90
5.700000000000000000e+01,5.608173474311630180e-97
5.800000000000000000e+01,2.149230566139804617e-103
5.900000000000000000e+01,8.236535562938759368e-110
6.000000000000000000e+01,3.156502571122471742e-116
6.100000000000000000e+01,1.209672246949886114e-122
6.200000000000000000e+01,4.635849051503941826e-129
6.300000000000000000e+01,1.399999999999999911e+00
6.400000000000000000e+01,1.000000000000000000e+00
