index,actual_source_delta_dstate_dx
0,4.639271344001534e-12
1,4.5691153704504073e-12
2,4.4989599584999719e-12
3,4.4288050781465558e-12
4,4.3586506993867569e-12
5,4.2884967922174449e-12
6,4.218343326635695e-12
7,4.1481902726387641e-12
8,4.0780376002240562e-12
9,4.0078852793890889e-12
10,3.9377332801314423e-12
11,3.86758157244874e-12
12,3.7974301263386145e-12
13,3.7272789117986595e-12
14,3.6571278988263945e-12
15,3.5869770574192487e-12
16,3.5168263575744953e-12
17,3.446675769289246e-12
18,3.376525262560398e-12
19,3.3063748073845924e-12
20,3.236224373758199e-12
21,3.1660739316772692e-12
22,3.09592345113749e-12
23,3.0257729021341732e-12
24,2.9556222546621967e-12
25,2.8854714787159884e-12
26,2.8153205442894658e-12
27,2.7451694213760298e-12
28,2.6750180799685037e-12
29,2.6048664900591175e-12
30,2.5347146216394576e-12
31,2.464562444700442e-12
32,2.3944099292322749e-12
33,2.3242570452244229e-12
34,2.2541037626655666e-12
35,2.1839500515435802e-12
36,2.1137958818454804e-12
37,2.0436412235574005e-12
38,1.9734860466645554e-12
39,1.9033303211512024e-12
40,1.8331740170006092e-12
41,1.763017104195014e-12
42,1.6928595527155948e-12
43,1.6227013325424343e-12
44,1.5525424136544787e-12
45,1.482382766029513e-12
46,1.4122223596441147e-12
47,1.3420611644736262e-12
48,1.2718991504921153e-12
49,1.2017362876723455e-12
50,1.1315725459857345e-12
51,1.0614078954023226e-12
52,9.9124230589073971e-13
53,9.2107574741816728e-13
54,8.5090818995030287e-13
55,7.8073960345132824e-13
56,7.105699578838732e-13
57,6.4039922320897841e-13
58,5.7022736938606774e-13
59,5.0005436637290362e-13
60,4.2988018412556081e-13
61,3.5970479259838628e-13
62,2.8952816174396927e-13
63,0
64,0
65,2.9862710748588504e-12
66,2.9460974066622834e-12
67,2.9059235636407417e-12
68,2.8657495548394522e-12
69,2.8255753893033486e-12
70,2.7854010760771067e-12
71,2.7452266242051756e-12
72,2.7050520427318108e-12
73,2.6648773407011069e-12
74,2.624702527157034e-12
75,2.5845276111434633e-12
76,2.5443526017042021e-12
77,2.5041775078830378e-12
78,2.4640023387237508e-12
79,2.4238271032701646e-12
80,2.3836518105661681e-12
81,2.3434764696557545e-12
82,2.3033010895830523e-12
83,2.2631256793923575e-12
84,2.2229502481281631e-12
85,2.1827748048352002e-12
86,2.1425993585584652e-12
87,2.1024239183432492e-12
88,2.0622484932351808e-12
89,2.0220730922802483e-12
90,1.9818977245248439e-12
91,1.9417223990157824e-12
92,1.901547124800345e-12
93,1.8613719109263096e-12
94,1.821196766441981e-12
95,1.7810217003962262e-12
96,1.7408467218385055e-12
97,1.7006718398189056e-12
98,1.6604970633881748e-12
99,1.6203224015977509e-12
100,1.5801478634997989e-12
101,1.53997345814724e-12
102,1.4997991945937867e-12
103,1.4596250818939735e-12
104,1.4194511291031917e-12
105,1.3792773452777223e-12
106,1.3391037394747646e-12
107,1.2989303207524726e-12
108,1.2587570981699886e-12
109,1.2185840807874711e-12
110,1.1784112776661339e-12
111,1.138238697868271e-12
112,1.0980663504572967e-12
113,1.0578942444977732e-12
114,1.0177223890554453e-12
115,9.7755079319727257e-13
116,9.3737946599145978e-13
117,8.9720841650749515e-13
118,8.5703765381617676e-13
119,8.1686718698964786e-13
120,7.7669702510142829e-13
121,7.3652717722644939e-13
122,6.9635765244108262e-13
123,6.5618845982317596e-13
124,6.1601960845208354e-13
125,5.7585110740869853e-13
126,5.3568296577548709e-13
127,4.9551519263651841e-13
128,0
129,0
130,2.8538460176601798e-12
131,2.8149902341063753e-12
132,2.7761340637768516e-12
133,2.7372775276300644e-12
134,2.6984206466244663e-12
135,2.6595634417185222e-12
136,2.6207059338707048e-12
137,2.5818481440395018e-12
138,2.5429900931834117e-12
139,2.504131802260958e-12
140,2.4652732922306802e-12
141,2.4264145840511401e-12
142,2.3875556986809348e-12
143,2.3486966570786813e-12
144,2.309837480203033e-12
145,2.2709781890126793e-12
146,2.2321188044663449e-12
147,2.1932593475227963e-12
148,2.1543998391408453e-12
149,2.1155403002793454e-12
150,2.0766807518972026e-12
151,2.0378212149533747e-12
152,1.9989617104068691e-12
153,1.9601022592167564e-12
154,1.921242882342163e-12
155,1.8823836007422827e-12
156,1.8435244353763676e-12
157,1.8046654072037443e-12
158,1.7658065371838067e-12
159,1.7269478462760236e-12
160,1.6880893554399397e-12
161,1.6492310856351791e-12
162,1.6103730578214465e-12
163,1.571515292958532e-12
164,1.5326578120063123e-12
165,1.4938006359247544e-12
166,1.4549437856739162e-12
167,1.4160872822139515e-12
168,1.3772311465051109e-12
169,1.3383753995077463e-12
170,1.2995200621823127e-12
171,1.2606651554893684e-12
172,1.2218107003895803e-12
173,1.1829567178437279e-12
174,1.1441032288127006e-12
175,1.1052502542575068e-12
176,1.0663978151392695e-12
177,1.0275459324192346e-12
178,9.886946270587707e-13
179,9.4984392001937081e-13
180,9.1099383226265843e-13
181,8.7214438475038285e-13
182,8.3329559844443231e-13
183,7.9444749430682572e-13
184,7.5560009329972161e-13
185,7.1675341638541749e-13
186,6.7790748452635421e-13
187,6.3906231868511603e-13
188,6.0021793982443575e-13
189,5.6137436890719446e-13
190,5.2253162689642447e-13
191,4.8368973475531232e-13
192,4.448487134472011e-13
193,0
194,0
195,-0.00014245175195775478
196,0
