index,actual_state,actual_native_dstate_dx
0,0.49821429330656952,4.5323086024797284e-12
1,0.0086820361052366464,4.4646162995086918e-12
2,7.7247738983736956e-05,4.396924500181802e-12
3,6.8144333009157485e-07,4.3292331866657948e-12
4,6.0109173048339245e-09,4.2615423288941969e-12
5,5.302143415480717e-11,4.1938519000966875e-12
6,4.6769441678564035e-13,4.1261618733992736e-12
7,4.1254649363579015e-15,4.0584722219320665e-12
8,3.6390130671393747e-17,3.9907829188252738e-12
9,3.2099208954862237e-19,3.9230939372091829e-12
10,2.8314248850386244e-21,3.8554052502141595e-12
11,2.4975590180086391e-23,3.7877168309705906e-12
12,2.2030607562280774e-25,3.7200286526088839e-12
13,1.9432880907463346e-27,3.6523406882594101e-12
14,1.7141463724777893e-29,3.5846529110525003e-12
15,1.5120237705724153e-31,3.5169652941183854e-12
16,1.3337343411760944e-33,3.4492778105872022e-12
17,1.1764678092057886e-35,3.3815904335889307e-12
18,1.0377452715785824e-37,3.3139031362533859e-12
19,9.1538012366927968e-40,3.246215891710184e-12
20,8.0744359310273634e-42,3.1785286730887057e-12
21,7.1223433760967098e-44,3.1108414535180679e-12
22,6.2825162773413656e-46,3.043154206127109e-12
23,5.5417169168681075e-48,2.9754669040443359e-12
24,4.8882684948169029e-50,2.9077795203979153e-12
25,4.3118710745918369e-52,2.8400920283156281e-12
26,3.8034392308063868e-54,2.7724044009248516e-12
27,3.3549588408801045e-56,2.7047166113525239e-12
28,2.9593607629727227e-58,2.6370286327251158e-12
29,2.6104094091137008e-60,2.5693404381686005e-12
30,2.3026044571680214e-62,2.501652000808428e-12
31,2.0310941523806204e-64,2.4339632937694884e-12
32,1.7915988319194521e-66,2.3662742901760907e-12
33,1.580343466979537e-68,2.2985849631519259e-12
34,1.3939981591466331e-70,2.2308952858200428e-12
35,1.2296256530982092e-72,2.1632052313028147e-12
36,1.0846350383150766e-74,2.0955147727219153e-12
37,9.5674091002948571e-77,2.0278238831982823e-12
38,8.4392734568671248e-79,1.9601325358520929e-12
39,7.4441612910213066e-81,1.892440703802735e-12
40,6.5663872144881609e-83,1.8247483601687741e-12
41,5.7921153727014503e-85,1.7570554780679269e-12
42,5.1091413580760888e-87,1.6893620306170295e-12
43,4.5066998388586472e-89,1.6216679909320119e-12
44,3.9752948713121291e-91,1.5539733321278658e-12
45,3.5065502205450346e-93,1.4862780273186116e-12
46,3.0930773306751628e-95,1.4185820496172825e-12
47,2.7283588632161496e-97,1.3508853721358777e-12
48,2.406645967970361e-99,1.2831879679853464e-12
49,2.1228676671662985e-101,1.215489810275553e-12
50,1.8725509245137057e-103,1.1477908721152496e-12
51,1.6517501392715646e-105,1.0800911266120437e-12
52,1.4569849539831521e-107,1.0123905468723758e-12
53,1.2851853955765139e-109,9.4468910600148491e-13
54,1.1336434851215445e-111,8.7698677710337857e-13
55,9.999705534952001e-114,8.0928353328080876e-13
56,8.8205959014551269e-116,7.4157934763523884e-13
57,7.7805203148054936e-118,6.7387419326681468e-13
58,6.8630846538517613e-120,6.0616804327434258e-13
59,6.0538279009827859e-122,5.3846087075524878e-13
60,5.3399942013172259e-124,4.7075264880555877e-13
61,4.7103317994014946e-126,4.0304335051986755e-13
62,4.1549156841740947e-128,3.3533294899130775e-13
63,3.6649911466511561e-130,2.676214173115227e-13
64,3.2328357844166779e-132,-1.0097615941978481e-146
65,0.49821429330656952,2.9174197103550853e-12
66,0.0086820361052366464,2.8786568380404425e-12
67,7.7247738983736956e-05,2.8398938029172819e-12
68,6.8144333009157485e-07,2.801130619460767e-12
69,6.0109173048339245e-09,2.7623672934988658e-12
70,5.302143415480717e-11,2.7236038332137633e-12
71,4.6769441678564035e-13,2.6848402467019827e-12
72,4.1254649363579015e-15,2.6460765420634932e-12
73,3.6390130671393747e-17,2.6073127273980876e-12
74,3.2099208954862237e-19,2.5685488108054439e-12
75,2.8314248850386244e-21,2.5297848003851633e-12
76,2.4975590180086391e-23,2.4910207042367856e-12
77,2.2030607562280774e-25,2.4522565304598282e-12
78,1.9432880907463346e-27,2.4134922871538037e-12
79,1.7141463724777893e-29,2.3747279824182546e-12
80,1.5120237705724153e-31,2.3359636243527721e-12
81,1.3337343411760944e-33,2.2971992210570359e-12
82,1.1764678092057886e-35,2.2584347806308269e-12
83,1.0377452715785824e-37,2.219670311174066e-12
84,9.1538012366927968e-40,2.1809058207868366e-12
85,8.0744359310273634e-42,2.1421413175694119e-12
86,7.1223433760967098e-44,2.1033768096222799e-12
87,6.2825162773413656e-46,2.0646123050461787e-12
88,5.5417169168681075e-48,2.0258478119421142e-12
89,4.8882684948169029e-50,1.9870833384113943e-12
90,4.3118710745918369e-52,1.9483188925556517e-12
91,3.8034392308063868e-54,1.9095544824768737e-12
92,3.3549588408801045e-56,1.8707901162774285e-12
93,2.9593607629727227e-58,1.8320258020600931e-12
94,2.6104094091137008e-60,1.7932615479280786e-12
95,2.3026044571680214e-62,1.7544973619850616e-12
96,2.0310941523806204e-64,1.7157332523352067e-12
97,1.7915988319194521e-66,1.676969227083197e-12
98,1.580343466979537e-68,1.638205294334259e-12
99,1.3939981591466331e-70,1.5994414621941923e-12
100,1.2296256530982092e-72,1.5606777387693931e-12
101,1.0846350383150766e-74,1.5219141321668878e-12
102,9.5674091002948571e-77,1.4831506504943515e-12
103,8.4392734568671248e-79,1.4443873018601431e-12
104,7.4441612910213066e-81,1.405624094373328e-12
105,6.5663872144881609e-83,1.3668610361437072e-12
106,5.7921153727014503e-85,1.3280981352818434e-12
107,5.1091413580760888e-87,1.289335399899088e-12
108,4.5066998388586472e-89,1.2505728381076098e-12
109,3.9752948713121291e-91,1.2118104580204209e-12
110,3.5065502205450346e-93,1.1730482677514015e-12
111,3.0930773306751628e-95,1.1342862754153358e-12
112,2.7283588632161496e-97,1.0955244891279257e-12
113,2.406645967970361e-99,1.05676291700583e-12
114,2.1228676671662985e-101,1.0180015671666852e-12
115,1.8725509245137057e-103,9.7924044772913359e-13
116,1.6517501392715646e-105,9.4047956681284984e-13
117,1.4569849539831521e-107,9.0171893253857161e-13
118,1.2851853955765139e-109,8.6295855302812229e-13
119,1.1336434851215445e-111,8.2419843640443923e-13
120,9.999705534952001e-114,7.854385907916025e-13
121,8.8205959014551269e-116,7.4667902431485943e-13
122,7.7805203148054936e-118,7.0791974510065258e-13
123,6.8630846538517613e-120,6.6916076127664974e-13
124,6.0538279009827859e-122,6.3040208097176521e-13
125,5.3399942013172259e-124,5.9164371231619063e-13
126,4.7103317994014946e-126,5.528856634414211e-13
127,4.1549156841740947e-128,5.1412794248028177e-13
128,3.6649911466511561e-130,4.7537055756695518e-13
129,3.2328357844166779e-132,-9.5909203660649986e-147
130,0.49821429330656952,2.7880478492188042e-12
131,0.0086820361052366464,2.7505565874612744e-12
132,7.7247738983736956e-05,2.7130649705564199e-12
133,6.8144333009157485e-07,2.675573023669332e-12
134,6.0109173048339245e-09,2.6380807632902673e-12
135,5.302143415480717e-11,2.6005882082712444e-12
136,4.6769441678564035e-13,2.5630953773786794e-12
137,4.1254649363579015e-15,2.5256022893826103e-12
138,3.6390130671393747e-17,2.488108963053048e-12
139,3.2099208954862237e-19,2.4506154171600178e-12
140,2.8314248850386244e-21,2.4131216704735617e-12
141,2.4975590180086391e-23,2.3756277417637424e-12
142,2.2030607562280774e-25,2.338133649800645e-12
143,1.9432880907463346e-27,2.3006394133543777e-12
144,1.7141463724777893e-29,2.2631450511950782e-12
145,1.5120237705724153e-31,2.2256505820929088e-12
146,1.3337343411760944e-33,2.1881560248180679e-12
147,1.1764678092057886e-35,2.1506613981407848e-12
148,1.0377452715785824e-37,2.1131667208313253e-12
149,9.1538012366927968e-40,2.0756720116599946e-12
150,8.0744359310273634e-42,2.0381772893971377e-12
151,7.1223433760967098e-44,2.0006825728131414e-12
152,6.2825162773413656e-46,1.9631878806784396e-12
153,5.5417169168681075e-48,1.9256932317635133e-12
154,4.8882684948169029e-50,1.8881986448388922e-12
155,4.3118710745918369e-52,1.8507041386751592e-12
156,3.8034392308063868e-54,1.8132097320429517e-12
157,3.3549588408801045e-56,1.7757154437129619e-12
158,2.9593607629727227e-58,1.7382212924559434e-12
159,2.6104094091137008e-60,1.700727297042708e-12
160,2.3026044571680214e-62,1.6632334762441349e-12
161,2.0310941523806204e-64,1.6257398488311657e-12
162,1.7915988319194521e-66,1.5882464335748109e-12
163,1.580343466979537e-68,1.5507532492461508e-12
164,1.3939981591466331e-70,1.5132603146163385e-12
165,1.2296256530982092e-72,1.4757676484566015e-12
166,1.0846350383150766e-74,1.4382752695382455e-12
167,9.5674091002948571e-77,1.4007831966326518e-12
168,8.4392734568671248e-79,1.3632914485112857e-12
169,7.4441612910213066e-81,1.3258000439456952e-12
170,6.5663872144881609e-83,1.2883090017075135e-12
171,5.7921153727014503e-85,1.250818340568462e-12
172,5.1091413580760888e-87,1.213328079300351e-12
173,4.5066998388586472e-89,1.1758382366750842e-12
174,3.9752948713121291e-91,1.1383488314646588e-12
175,3.5065502205450346e-93,1.1008598824411659e-12
176,3.0930773306751628e-95,1.0633714083768e-12
177,2.7283588632161496e-97,1.0258834280438516e-12
178,2.406645967970361e-99,9.8839596021471545e-13
179,2.1228676671662985e-101,9.5090902366189145e-13
180,1.8725509245137057e-103,9.1342263715798451e-13
181,1.6517501392715646e-105,8.759368194757093e-13
182,1.4569849539831521e-107,8.3845158938789196e-13
183,1.2851853955765139e-109,8.0096696566747029e-13
184,1.1336434851215445e-111,7.6348296708749671e-13
185,9.999705534952001e-114,7.2599961242114139e-13
186,8.8205959014551269e-116,6.8851692044169221e-13
187,7.7805203148054936e-118,6.5103490992255733e-13
188,6.8630846538517613e-120,6.135535996372703e-13
189,6.0538279009827859e-122,5.7607300835948626e-13
190,5.3399942013172259e-124,5.3859315486298799e-13
191,4.7103317994014946e-126,5.0111405792168647e-13
192,4.1549156841740947e-128,4.6363573630962287e-13
193,3.6649911466511561e-130,4.2615820880097013e-13
194,3.2328357844166779e-132,-9.5947343347404536e-147
195,1.3999999999999999,0.059851417426258567
196,1,12.392081395590356
