q,p_MeV,native_dq_weight,f_nue,f_nuebar,f_numu,f_numubar,f_nutau,f_nutaubar,J_nue,J_nuebar,J_numu,J_numubar,J_nutau,J_nutaubar
0.01,0.020439956000000002,2.2076303208325538,0.49821429330656952,0.49821429330656952,0.49821429330656952,0.49821429330656952,0.49821429330656952,0.49821429330656952,5.3520685141548655e-07,5.3520685141548655e-07,5.3520685141548655e-07,5.3520685141548655e-07,5.3520685141548655e-07,5.3520685141548655e-07
6.632890962497668,13.557599942625,8.8305212833302242,0.0086820361052366464,0.0086820361052366464,0.0086820361052366464,0.0086820361052366464,0.0086820361052366464,0.0086820361052366464,0.004103295416806766,0.004103295416806766,0.004103295416806766,0.004103295416806766,0.004103295416806766,0.004103295416806766
13.255781924995336,27.094759929249999,4.4152606416651139,7.7247738983736956e-05,7.7247738983736956e-05,7.7247738983736956e-05,7.7247738983736956e-05,7.7247738983736956e-05,7.7247738983736956e-05,0.0001458149185643382,0.0001458149185643382,0.0001458149185643382,0.0001458149185643382,0.0001458149185643382,0.0001458149185643382
19.878672887493007,40.631919915875002,8.83052128333021,6.8144333009157485e-07,6.8144333009157485e-07,6.8144333009157485e-07,6.8144333009157485e-07,6.8144333009157485e-07,6.8144333009157485e-07,2.8927439974231329e-06,2.8927439974231329e-06,2.8927439974231329e-06,2.8927439974231329e-06,2.8927439974231329e-06,2.8927439974231329e-06
26.501563849990674,54.169079902500002,4.4152606416650562,6.0109173048339245e-09,6.0109173048339245e-09,6.0109173048339245e-09,6.0109173048339245e-09,6.0109173048339245e-09,6.0109173048339245e-09,4.5351247642859774e-08,4.5351247642859774e-08,4.5351247642859774e-08,4.5351247642859774e-08,4.5351247642859774e-08,4.5351247642859774e-08
33.124454812488338,67.706239889124987,8.8305212833301532,5.302143415480717e-11,5.302143415480717e-11,5.302143415480717e-11,5.302143415480717e-11,5.302143415480717e-11,5.302143415480717e-11,6.2496317825047007e-10,6.2496317825047007e-10,6.2496317825047007e-10,6.2496317825047007e-10,6.2496317825047007e-10,6.2496317825047007e-10
39.747345774986009,81.243399875750001,4.4152606416649522,4.6769441678564035e-13,4.6769441678564035e-13,4.6769441678564035e-13,4.6769441678564035e-13,4.6769441678564035e-13,4.6769441678564035e-13,7.937503553781888e-12,7.937503553781888e-12,7.937503553781888e-12,7.937503553781888e-12,7.937503553781888e-12,7.937503553781888e-12
46.370236737483673,94.780559862374986,8.8305212833304854,4.1254649363579015e-15,4.1254649363579015e-15,4.1254649363579015e-15,4.1254649363579015e-15,4.1254649363579015e-15,4.1254649363579015e-15,9.5292124183844046e-14,9.5292124183844046e-14,9.5292124183844046e-14,9.5292124183844046e-14,9.5292124183844046e-14,9.5292124183844046e-14
52.993127699981343,108.317719849,4.4152606416648652,3.6390130671393747e-17,3.6390130671393747e-17,3.6390130671393747e-17,3.6390130671393747e-17,3.6390130671393747e-17,3.6390130671393747e-17,1.0978125771321912e-15,1.0978125771321912e-15,1.0978125771321912e-15,1.0978125771321912e-15,1.0978125771321912e-15,1.0978125771321912e-15
59.616018662479014,121.854879835625,8.830521283330393,3.2099208954862237e-19,3.2099208954862237e-19,3.2099208954862237e-19,3.2099208954862237e-19,3.2099208954862237e-19,3.2099208954862237e-19,1.2255350873889113e-17,1.2255350873889113e-17,1.2255350873889113e-17,1.2255350873889113e-17,1.2255350873889113e-17,1.2255350873889113e-17
66.238909624976685,135.39203982225001,4.4152606416647009,2.8314248850386244e-21,2.8314248850386244e-21,2.8314248850386244e-21,2.8314248850386244e-21,2.8314248850386244e-21,2.8314248850386244e-21,1.3345562263412111e-19,1.3345562263412111e-19,1.3345562263412111e-19,1.3345562263412111e-19,1.3345562263412111e-19,1.3345562263412111e-19
72.861800587474349,148.92919980887498,8.8305212833310556,2.4975590180086391e-23,2.4975590180086391e-23,2.4975590180086391e-23,2.4975590180086391e-23,2.4975590180086391e-23,2.4975590180086391e-23,1.4243641685555246e-21,1.4243641685555246e-21,1.4243641685555246e-21,1.4243641685555246e-21,1.4243641685555246e-21,1.4243641685555246e-21
79.484691549972027,162.46635979550001,4.4152606416655296,2.2030607562280774e-25,2.2030607562280774e-25,2.2030607562280774e-25,2.2030607562280774e-25,2.2030607562280774e-25,2.2030607562280774e-25,1.4951988085931332e-23,1.4951988085931332e-23,1.4951988085931332e-23,1.4951988085931332e-23,1.4951988085931332e-23,1.4951988085931332e-23
86.107582512469691,176.00351978212501,8.8305212833304108,1.9432880907463346e-27,1.9432880907463346e-27,1.9432880907463346e-27,1.9432880907463346e-27,1.9432880907463346e-27,1.9432880907463346e-27,1.54783785422822e-25,1.54783785422822e-25,1.54783785422822e-25,1.54783785422822e-25,1.54783785422822e-25,1.54783785422822e-25
92.730473474967354,189.54067976874998,4.4152606416651983,1.7141463724777893e-29,1.7141463724777893e-29,1.7141463724777893e-29,1.7141463724777893e-29,1.7141463724777893e-29,1.7141463724777893e-29,1.5834280715504234e-27,1.5834280715504234e-27,1.5834280715504234e-27,1.5834280715504234e-27,1.5834280715504234e-27,1.5834280715504234e-27
99.353364437465032,203.07783975537501,8.830521283330393,1.5120237705724153e-31,1.5120237705724153e-31,1.5120237705724153e-31,1.5120237705724153e-31,1.5120237705724153e-31,1.5120237705724153e-31,1.6033533997205234e-29,1.6033533997205234e-29,1.6033533997205234e-29,1.6033533997205234e-29,1.6033533997205234e-29,1.6033533997205234e-29
105.9762553999627,216.61499974200001,4.4152606416652009,1.3337343411760944e-33,1.3337343411760944e-33,1.3337343411760944e-33,1.3337343411760944e-33,1.3337343411760944e-33,1.3337343411760944e-33,1.6091330502728031e-31,1.6091330502728031e-31,1.6091330502728031e-31,1.6091330502728031e-31,1.6091330502728031e-31,1.6091330502728031e-31
112.59914636246036,230.15215972862501,8.8305212833277391,1.1764678092057886e-35,1.1764678092057886e-35,1.1764678092057886e-35,1.1764678092057886e-35,1.1764678092057886e-35,1.1764678092057886e-35,1.6023438801985271e-33,1.6023438801985271e-33,1.6023438801985271e-33,1.6023438801985271e-33,1.6023438801985271e-33,1.6023438801985271e-33
119.22203732495804,243.68931971525001,4.415260641663874,1.0377452715785824e-37,1.0377452715785824e-37,1.0377452715785824e-37,1.0377452715785824e-37,1.0377452715785824e-37,1.0377452715785824e-37,1.5845623137125352e-35,1.5845623137125352e-35,1.5845623137125352e-35,1.5845623137125352e-35,1.5845623137125352e-35,1.5845623137125352e-35
125.8449282874557,257.22647970187501,8.830521283331759,9.1538012366927968e-40,9.1538012366927968e-40,9.1538012366927968e-40,9.1538012366927968e-40,9.1538012366927968e-40,9.1538012366927968e-40,1.5573219136437014e-37,1.5573219136437014e-37,1.5573219136437014e-37,1.5573219136437014e-37,1.5573219136437014e-37,1.5573219136437014e-37
132.46781924995335,270.76363968849995,4.4152606416632176,8.0744359310273634e-42,8.0744359310273634e-42,8.0744359310273634e-42,8.0744359310273634e-42,8.0744359310273634e-42,8.0744359310273634e-42,1.5220833945191775e-39,1.5220833945191775e-39,1.5220833945191775e-39,1.5220833945191775e-39,1.5220833945191775e-39,1.5220833945191775e-39
139.09071021245103,284.30079967512501,8.8305212833290838,7.1223433760967098e-44,7.1223433760967098e-44,7.1223433760967098e-44,7.1223433760967098e-44,7.1223433760967098e-44,7.1223433760967098e-44,1.4802144466446148e-41,1.4802144466446148e-41,1.4802144466446148e-41,1.4802144466446148e-41,1.4802144466446148e-41,1.4802144466446148e-41
145.71360117494868,297.83795966174995,4.4152606416645375,6.2825162773413656e-46,6.2825162773413656e-46,6.2825162773413656e-46,6.2825162773413656e-46,6.2825162773413656e-46,6.2825162773413656e-46,1.4329772216732019e-43,1.4329772216732019e-43,1.4329772216732019e-43,1.4329772216732019e-43,1.4329772216732019e-43,1.4329772216732019e-43
152.33649213744636,311.37511964837495,8.830521283334356,5.5417169168681075e-48,5.5417169168681075e-48,5.5417169168681075e-48,5.5417169168681075e-48,5.5417169168681075e-48,5.5417169168681075e-48,1.3815217304615509e-45,1.3815217304615509e-45,1.3815217304615509e-45,1.3815217304615509e-45,1.3815217304615509e-45,1.3815217304615509e-45
158.95938309994403,324.912279635,4.4152606416645375,4.8882684948169029e-50,4.8882684948169029e-50,4.8882684948169029e-50,4.8882684948169029e-50,4.8882684948169029e-50,4.8882684948169029e-50,1.3268837362854407e-47,1.3268837362854407e-47,1.3268837362854407e-47,1.3268837362854407e-47,1.3268837362854407e-47,1.3268837362854407e-47
165.58227406244168,338.44943962162495,8.8305212833290838,4.3118710745918369e-52,4.3118710745918369e-52,4.3118710745918369e-52,4.3118710745918369e-52,4.3118710745918369e-52,4.3118710745918369e-52,1.2699860016229478e-49,1.2699860016229478e-49,1.2699860016229478e-49,1.2699860016229478e-49,1.2699860016229478e-49,1.2699860016229478e-49
172.20516502493936,351.98659960824995,4.4152606416724947,3.8034392308063868e-54,3.8034392308063868e-54,3.8034392308063868e-54,3.8034392308063868e-54,3.8034392308063868e-54,3.8034392308063868e-54,1.2116419739305192e-51,1.2116419739305192e-51,1.2116419739305192e-51,1.2116419739305192e-51,1.2116419739305192e-51,1.2116419739305192e-51
178.82805598743704,365.523759594875,8.8305212833184683,3.3549588408801045e-56,3.3549588408801045e-56,3.3549588408801045e-56,3.3549588408801045e-56,3.3549588408801045e-56,3.3549588408801045e-56,1.152561182933953e-53,1.152561182933953e-53,1.152561182933953e-53,1.152561182933953e-53,1.152561182933953e-53,1.152561182933953e-53
185.45094694993469,379.06091958149995,4.4152606416565749,2.9593607629727227e-58,2.9593607629727227e-58,2.9593607629727227e-58,2.9593607629727227e-58,2.9593607629727227e-58,2.9593607629727227e-58,1.0933557755183622e-55,1.0933557755183622e-55,1.0933557755183622e-55,1.0933557755183622e-55,1.0933557755183622e-55,1.0933557755183622e-55
192.07383791243237,392.59807956812494,8.8305212833396638,2.6104094091137008e-60,2.6104094091137008e-60,2.6104094091137008e-60,2.6104094091137008e-60,2.6104094091137008e-60,2.6104094091137008e-60,1.0345477398881823e-57,1.0345477398881823e-57,1.0345477398881823e-57,1.0345477398881823e-57,1.0345477398881823e-57,1.0345477398881823e-57
198.69672887493005,406.13523955475,4.4152606416804625,2.3026044571680214e-62,2.3026044571680214e-62,2.3026044571680214e-62,2.3026044571680214e-62,2.3026044571680214e-62,2.3026044571680214e-62,9.7657647296168916e-60,9.7657647296168916e-60,9.7657647296168916e-60,9.7657647296168916e-60,9.7657647296168916e-60,9.7657647296168916e-60
205.31961983742769,419.67239954137494,8.8305212832972355,2.0310941523806204e-64,2.0310941523806204e-64,2.0310941523806204e-64,2.0310941523806204e-64,2.0310941523806204e-64,2.0310941523806204e-64,9.1980642790860503e-62,9.1980642790860503e-62,9.1980642790860503e-62,9.1980642790860503e-62,9.1980642790860503e-62,9.1980642790860503e-62
211.94251079992537,433.20955952799994,4.4152606416698408,1.7915988319194521e-66,1.7915988319194521e-66,1.7915988319194521e-66,1.7915988319194521e-66,1.7915988319194521e-66,1.7915988319194521e-66,8.6453464564485372e-64,8.6453464564485372e-64,8.6453464564485372e-64,8.6453464564485372e-64,8.6453464564485372e-64,8.6453464564485372e-64
218.56540176242305,446.746719514625,8.8305212833397011,1.580343466979537e-68,1.580343466979537e-68,1.580343466979537e-68,1.580343466979537e-68,1.580343466979537e-68,1.580343466979537e-68,8.1099802774967503e-66,8.1099802774967503e-66,8.1099802774967503e-66,8.1099802774967503e-66,8.1099802774967503e-66,8.1099802774967503e-66
225.1882927249207,460.28387950124994,4.4152606416751539,1.3939981591466331e-70,1.3939981591466331e-70,1.3939981591466331e-70,1.3939981591466331e-70,1.3939981591466331e-70,1.3939981591466331e-70,7.5938025099279103e-68,7.5938025099279103e-68,7.5938025099279103e-68,7.5938025099279103e-68,7.5938025099279103e-68,7.5938025099279103e-68
231.81118368741838,473.821039487875,8.8305212833078137,1.2296256530982092e-72,1.2296256530982092e-72,1.2296256530982092e-72,1.2296256530982092e-72,1.2296256530982092e-72,1.2296256530982092e-72,7.0981825740534244e-70,7.0981825740534244e-70,7.0981825740534244e-70,7.0981825740534244e-70,7.0981825740534244e-70,7.0981825740534244e-70
238.43407464991606,487.3581994745,4.4152606416751539,1.0846350383150766e-74,1.0846350383150766e-74,1.0846350383150766e-74,1.0846350383150766e-74,1.0846350383150766e-74,1.0846350383150766e-74,6.6240828022466024e-72,6.6240828022466024e-72,6.6240828022466024e-72,6.6240828022466024e-72,6.6240828022466024e-72,6.6240828022466024e-72
245.05696561241371,500.89535946112494,8.8305212833609339,9.5674091002948571e-77,9.5674091002948571e-77,9.5674091002948571e-77,9.5674091002948571e-77,9.5674091002948571e-77,9.5674091002948571e-77,6.1721138644397111e-74,6.1721138644397111e-74,6.1721138644397111e-74,6.1721138644397111e-74,6.1721138644397111e-74,6.1721138644397111e-74
251.67985657491138,514.43251944775,4.4152606416379916,8.4392734568671248e-79,8.4392734568671248e-79,8.4392734568671248e-79,8.4392734568671248e-79,8.4392734568671248e-79,8.4392734568671248e-79,5.742585322335613e-76,5.742585322335613e-76,5.742585322335613e-76,5.742585322335613e-76,5.742585322335613e-76,5.742585322335613e-76
258.30274753740906,527.96967943437494,8.8305212833184683,7.4441612910213066e-81,7.4441612910213066e-81,7.4441612910213066e-81,7.4441612910213066e-81,7.4441612910213066e-81,7.4441612910213066e-81,5.3355513910486582e-78,5.3355513910486582e-78,5.3355513910486582e-78,5.3355513910486582e-78,5.3355513910486582e-78,5.3355513910486582e-78
264.92563849990671,541.506839421,4.4152606416486222,6.5663872144881609e-83,6.5663872144881609e-83,6.5663872144881609e-83,6.5663872144881609e-83,6.5663872144881609e-83,6.5663872144881609e-83,4.9508520713607639e-80,4.9508520713607639e-80,4.9508520713607639e-80,4.9508520713607639e-80,4.9508520713607639e-80,4.9508520713607639e-80
271.54852946240436,555.04399940762494,8.8305212833396638,5.7921153727014503e-85,5.7921153727014503e-85,5.7921153727014503e-85,5.7921153727014503e-85,5.7921153727014503e-85,5.7921153727014503e-85,4.5881498750763463e-82,4.5881498750763463e-82,4.5881498750763463e-82,4.5881498750763463e-82,4.5881498750763463e-82,4.5881498750763463e-82
278.17142042490207,568.58115939424999,4.4152606416910736,5.1091413580760888e-87,5.1091413580760888e-87,5.1091413580760888e-87,5.1091413580760888e-87,5.1091413580760888e-87,5.1091413580760888e-87,4.2469624053351726e-84,4.2469624053351726e-84,4.2469624053351726e-84,4.2469624053351726e-84,4.2469624053351726e-84,4.2469624053351726e-84
284.79431138739972,582.11831938087494,8.8305212833185056,4.5066998388586472e-89,4.5066998388586472e-89,4.5066998388586472e-89,4.5066998388586472e-89,4.5066998388586472e-89,4.5066998388586472e-89,3.9266910774911875e-86,3.9266910774911875e-86,3.9266910774911875e-86,3.9266910774911875e-86,3.9266910774911875e-86,3.9266910774911875e-86
291.41720234989737,595.65547936749988,4.41526064170169,3.9752948713121291e-91,3.9752948713121291e-91,3.9752948713121291e-91,3.9752948713121291e-91,3.9752948713121291e-91,3.9752948713121291e-91,3.6266462778196973e-88,3.6266462778196973e-88,3.6266462778196973e-88,3.6266462778196973e-88,3.6266462778196973e-88,3.6266462778196973e-88
298.04009331239507,609.19263935412505,8.830521283318431,3.5065502205450346e-93,3.5065502205450346e-93,3.5065502205450346e-93,3.5065502205450346e-93,3.5065502205450346e-93,3.5065502205450346e-93,3.3460692597318517e-90,3.3460692597318517e-90,3.3460692597318517e-90,3.3460692597318517e-90,3.3460692597318517e-90,3.3460692597318517e-90
304.66298427489272,622.72979934074999,4.4152606416804669,3.0930773306751628e-95,3.0930773306751628e-95,3.0930773306751628e-95,3.0930773306751628e-95,3.0930773306751628e-95,3.0930773306751628e-95,3.0841510726597794e-92,3.0841510726597794e-92,3.0841510726597794e-92,3.0841510726597794e-92,3.0841510726597794e-92,3.0841510726597794e-92
311.28587523739037,636.26695932737493,8.8305212833608966,2.7283588632161496e-97,2.7283588632161496e-97,2.7283588632161496e-97,2.7283588632161496e-97,2.7283588632161496e-97,2.7283588632161496e-97,2.8400488092004061e-94,2.8400488092004061e-94,2.8400488092004061e-94,2.8400488092004061e-94,2.8400488092004061e-94,2.8400488092004061e-94
317.90876619988808,649.80411931399999,4.4152606416592244,2.406645967970361e-99,2.406645967970361e-99,2.406645967970361e-99,2.406645967970361e-99,2.406645967970361e-99,2.406645967970361e-99,2.6128994429569788e-96,2.6128994429569788e-96,2.6128994429569788e-96,2.6128994429569788e-96,2.6128994429569788e-96,2.6128994429569788e-96
324.53165716238573,663.34127930062493,8.8305212833185056,2.1228676671662985e-101,2.1228676671662985e-101,2.1228676671662985e-101,2.1228676671662985e-101,2.1228676671662985e-101,2.1228676671662985e-101,2.40183151396773e-98,2.40183151396773e-98,2.40183151396773e-98,2.40183151396773e-98,2.40183151396773e-98,2.40183151396773e-98
331.15454812488338,676.87843928724988,4.4152606416592244,1.8725509245137057e-103,1.8725509245137057e-103,1.8725509245137057e-103,1.8725509245137057e-103,1.8725509245137057e-103,1.8725509245137057e-103,2.2059749015973265e-100,2.2059749015973265e-100,2.2059749015973265e-100,2.2059749015973265e-100,2.2059749015973265e-100,2.2059749015973265e-100
337.77743908738108,690.41559927387505,8.8305212833608966,1.6517501392715646e-105,1.6517501392715646e-105,1.6517501392715646e-105,1.6517501392715646e-105,1.6517501392715646e-105,1.6517501392715646e-105,2.0244689070077041e-102,2.0244689070077041e-102,2.0244689070077041e-102,2.0244689070077041e-102,2.0244689070077041e-102,2.0244689070077041e-102
344.40033004987873,703.95275926049999,4.4152606417016997,1.4569849539831521e-107,1.4569849539831521e-107,1.4569849539831521e-107,1.4569849539831521e-107,1.4569849539831521e-107,1.4569849539831521e-107,1.8564688493677683e-104,1.8564688493677683e-104,1.8564688493677683e-104,1.8564688493677683e-104,1.8564688493677683e-104,1.8564688493677683e-104
351.02322101237638,717.48991924712493,8.8305212833608966,1.2851853955765139e-109,1.2851853955765139e-109,1.2851853955765139e-109,1.2851853955765139e-109,1.2851853955765139e-109,1.2851853955765139e-109,1.7011513622291823e-106,1.7011513622291823e-106,1.7011513622291823e-106,1.7011513622291823e-106,1.7011513622291823e-106,1.7011513622291823e-106
357.64611197487409,731.02707923374999,4.4152606416592244,1.1336434851215445e-111,1.1336434851215445e-111,1.1336434851215445e-111,1.1336434851215445e-111,1.1336434851215445e-111,1.1336434851215445e-111,1.5577185592925815e-108,1.5577185592925815e-108,1.5577185592925815e-108,1.5577185592925815e-108,1.5577185592925815e-108,1.5577185592925815e-108
364.26900293737174,744.56423922037493,8.8305212832760418,9.999705534952001e-114,9.999705534952001e-114,9.999705534952001e-114,9.999705534952001e-114,9.999705534952001e-114,9.999705534952001e-114,1.4254012223290167e-110,1.4254012223290167e-110,1.4254012223290167e-110,1.4254012223290167e-110,1.4254012223290167e-110,1.4254012223290167e-110
370.89189389986939,758.10139920699987,4.4152606416167597,8.8205959014551269e-116,8.8205959014551269e-116,8.8205959014551269e-116,8.8205959014551269e-116,8.8205959014551269e-116,8.8205959014551269e-116,1.3034611484578633e-112,1.3034611484578633e-112,1.3034611484578633e-112,1.3034611484578633e-112,1.3034611484578633e-112,1.3034611484578633e-112
377.51478486236709,771.63855919362504,8.8305212835307572,7.7805203148054936e-118,7.7805203148054936e-118,7.7805203148054936e-118,7.7805203148054936e-118,7.7805203148054936e-118,7.7805203148054936e-118,1.1911927794081734e-114,1.1911927794081734e-114,1.1911927794081734e-114,1.1911927794081734e-114,1.1911927794081734e-114,1.1911927794081734e-114
384.13767582486474,785.17571918024998,4.4152606416804669,6.8630846538517613e-120,6.8630846538517613e-120,6.8630846538517613e-120,6.8630846538517613e-120,6.8630846538517613e-120,6.8630846538517613e-120,1.0879242218469791e-116,1.0879242218469791e-116,1.0879242218469791e-116,1.0879242218469791e-116,1.0879242218469791e-116,1.0879242218469791e-116
390.76056678736239,798.71287916687493,8.8305212833608966,6.0538279009827859e-122,6.0538279009827859e-122,6.0538279009827859e-122,6.0538279009827859e-122,6.0538279009827859e-122,6.0538279009827859e-122,9.9301775537394971e-119,9.9301775537394971e-119,9.9301775537394971e-119,9.9301775537394971e-119,9.9301775537394971e-119,9.9301775537394971e-119
397.3834577498601,812.25003915349998,4.4152606417229219,5.3399942013172259e-124,5.3399942013172259e-124,5.3399942013172259e-124,5.3399942013172259e-124,5.3399942013172259e-124,5.3399942013172259e-124,9.058699133385534e-121,9.058699133385534e-121,9.058699133385534e-121,9.058699133385534e-121,9.058699133385534e-121,9.058699133385534e-121
404.00634871235775,825.78719914012493,8.8305212832760418,4.7103317994014946e-126,4.7103317994014946e-126,4.7103317994014946e-126,4.7103317994014946e-126,4.7103317994014946e-126,4.7103317994014946e-126,8.2591121120840743e-123,8.2591121120840743e-123,8.2591121120840743e-123,8.2591121120840743e-123,8.2591121120840743e-123,8.2591121120840743e-123
410.6292396748554,839.32435912674987,4.4152606416379916,4.1549156841740947e-128,4.1549156841740947e-128,4.1549156841740947e-128,4.1549156841740947e-128,4.1549156841740947e-128,4.1549156841740947e-128,7.5260558776956346e-125,7.5260558776956346e-125,7.5260558776956346e-125,7.5260558776956346e-125,7.5260558776956346e-125,7.5260558776956346e-125
417.2521306373531,852.86151911337504,8.8305212830211737,3.6649911466511561e-130,3.6649911466511561e-130,3.6649911466511561e-130,3.6649911466511561e-130,3.6649911466511561e-130,3.6649911466511561e-130,6.8544961591533455e-127,6.8544961591533455e-127,6.8544961591533455e-127,6.8544961591533455e-127,6.8544961591533455e-127,6.8544961591533455e-127
423.87502159985075,866.39867909999998,2.2076303208826986,3.2328357844166779e-132,3.2328357844166779e-132,3.2328357844166779e-132,3.2328357844166779e-132,3.2328357844166779e-132,3.2328357844166779e-132,6.2397153212544471e-129,6.2397153212544471e-129,6.2397153212544471e-129,6.2397153212544471e-129,6.2397153212544471e-129,6.2397153212544471e-129
