q,p_MeV,native_dq_weight,physical_dp_weight,phi_e,phi_mu,phi_tau
1.000000000000000021e-02,1.277497250000000353e-03,2.752473958333332416e-01,3.516277912467447725e-02,1.326648043932560272e-10,6.633293667477228136e-11,0.000000000000000000e+00
8.357421875000000666e-01,1.067658346240234618e-01,1.100989583333333410e+00,1.406511164986979645e-01,9.247676631715400880e-07,4.626958260780627486e-07,0.000000000000000000e+00
1.661484375000000124e+00,2.122541719980469421e-01,5.504947916666682595e-01,7.032555824934917654e-02,3.647632132723511520e-06,1.826267492063679741e-06,0.000000000000000000e+00
2.487226562500000071e+00,3.177425093720703808e-01,1.100989583333333188e+00,1.406511164986979368e-01,8.157892646192395982e-06,4.087170188470887933e-06,0.000000000000000000e+00
3.312968750000000018e+00,4.232308467460938473e-01,5.504947916666622643e-01,7.032555824934841326e-02,1.444471577631028554e-05,7.241792772877053801e-06,0.000000000000000000e+00
4.138710937499999964e+00,5.287191841201173137e-01,1.100989583333336519e+00,1.406511164986983531e-01,2.249726809580926686e-05,1.128652410285953752e-05,0.000000000000000000e+00
4.964453125000000355e+00,6.342075214941408356e-01,5.504947916666423913e-01,7.032555824934587363e-02,3.230471617742143847e-05,1.621775303599570583e-05,0.000000000000000000e+00
5.790195312499999858e+00,7.396958588681642466e-01,1.100989583333331856e+00,1.406511164986977702e-01,4.385622659387886839e-05,2.203186842986291276e-05,0.000000000000000000e+00
6.615937500000000249e+00,8.451841962421876575e-01,5.504947916666917962e-01,7.032555824935218802e-02,5.714096591791364499e-05,2.872525914203852675e-05,0.000000000000000000e+00
7.441679687500000639e+00,9.506725336162111795e-01,1.100989583333352728e+00,1.406511164987004348e-01,7.214810072225790068e-05,3.629431403009991284e-05,0.000000000000000000e+00
8.267421875000000142e+00,1.056160870990234590e+00,5.504947916666973473e-01,7.032555824935289579e-02,8.886679757964370009e-05,4.473542195162443608e-05,0.000000000000000000e+00
9.093164062499999645e+00,1.161649208364258001e+00,1.100989583333393140e+00,1.406511164987055973e-01,1.072862230628030943e-04,5.404497176418944797e-05,0.000000000000000000e+00
9.918906250000000924e+00,1.267137545738281634e+00,5.504947916666552699e-01,7.032555824934752509e-02,1.273955437444682700e-04,6.421935232537235758e-05,0.000000000000000000e+00
1.074464843750000043e+01,1.372625883112305045e+00,1.100989583333437327e+00,1.406511164987112317e-01,1.491839261973712375e-04,7.525495249275046560e-05,0.000000000000000000e+00
1.157039062499999993e+01,1.478114220486328456e+00,5.504947916663427421e-01,7.032555824930759869e-02,1.726405369942440751e-04,8.714816112390115401e-05,0.000000000000000000e+00
1.239613281250000121e+01,1.583602557860352089e+00,1.100989583333434885e+00,1.406511164987109264e-01,1.977545427078189152e-04,9.989536707640180480e-05,0.000000000000000000e+00
1.322187500000000071e+01,1.689090895234375500e+00,5.504947916668847530e-01,7.032555824937683497e-02,2.245151099108278630e-04,1.134929592078297728e-04,0.000000000000000000e+00
1.404761718750000021e+01,1.794579232608398911e+00,1.100989583332934618e+00,1.406511164986470053e-01,2.529114051760029155e-04,1.279373263757623859e-04,0.000000000000000000e+00
1.487335937500000149e+01,1.900067569982422322e+00,5.504947916664674201e-01,7.032555824932351651e-02,2.829325950760762593e-04,1.432248574377770667e-04,0.000000000000000000e+00
1.569910156250000099e+01,2.005555907356446177e+00,1.100989583333768396e+00,1.406511164987535312e-01,3.145678461837800809e-04,1.593519412514512242e-04,0.000000000000000000e+00
1.652484375000000227e+01,2.111044244730469810e+00,5.504947916665503538e-01,7.032555824933411914e-02,3.478063250718462147e-04,1.763149666743620643e-04,0.000000000000000000e+00
1.735058593750000355e+01,2.216532582104493443e+00,1.100989583332437016e+00,1.406511164985834450e-01,3.826371983130069285e-04,1.941103225640870367e-04,0.000000000000000000e+00
1.817632812500000128e+01,2.322020919478516188e+00,5.504947916668847530e-01,7.032555824937683497e-02,4.190496324799941109e-04,2.127343977782034557e-04,0.000000000000000000e+00
1.900207031250000256e+01,2.427509256852539821e+00,1.100989583333099153e+00,1.406511164986680440e-01,4.570327941455400839e-04,2.321835811742887709e-04,0.000000000000000000e+00
1.982781250000000384e+01,2.532997594226563454e+00,5.504947916668847530e-01,7.032555824937683497e-02,4.965758498823768987e-04,2.524542616099203509e-04,0.000000000000000000e+00
2.065355468750000156e+01,2.638485931600586643e+00,1.100989583333103816e+00,1.406511164986686269e-01,5.376679662632365521e-04,2.735428279426754556e-04,0.000000000000000000e+00
2.147929687500000284e+01,2.743974268974610276e+00,5.504947916668841978e-01,7.032555824937676558e-02,5.802983098608512037e-04,2.954456690301315077e-04,0.000000000000000000e+00
2.230503906250000412e+01,2.849462606348633908e+00,1.100989583331769994e+00,1.406511164984982354e-01,6.244560472479529587e-04,3.181591737298659298e-04,0.000000000000000000e+00
2.313078125000000185e+01,2.954950943722657097e+00,5.504947916672182640e-01,7.032555824941943978e-02,6.701303449972737056e-04,3.416797308994559820e-04,0.000000000000000000e+00
2.395652343750000313e+01,3.060439281096680730e+00,1.100989583333765953e+00,1.406511164987532259e-01,7.173103696815459835e-04,3.660037293964791411e-04,0.000000000000000000e+00
2.478226562500000441e+01,3.165927618470704363e+00,5.504947916648840200e-01,7.032555824912124776e-02,7.659852878735015722e-04,3.911275580785126670e-04,0.000000000000000000e+00
2.560800781250000213e+01,3.271415955844727552e+00,1.100989583333770838e+00,1.406511164987538365e-01,8.161442661458723604e-04,4.170476058031339283e-04,0.000000000000000000e+00
2.643375000000000341e+01,3.376904293218751185e+00,5.504947916682181308e-01,7.032555824954717094e-02,8.677764710713905616e-04,4.437602614279202392e-04,0.000000000000000000e+00
2.725949218750000469e+01,3.482392630592774818e+00,1.100989583335104660e+00,1.406511164989242280e-01,9.208710692227888234e-04,4.712619138104491849e-04,0.000000000000000000e+00
2.808523437500000242e+01,3.587880967966798007e+00,5.504947916675517749e-01,7.032555824946204459e-02,9.754172271727982752e-04,4.995489518082978087e-04,0.000000000000000000e+00
2.891097656250000369e+01,3.693369305340821640e+00,1.100989583331098309e+00,1.406511164984124429e-01,1.031404111494151890e-03,5.286177642790438041e-04,0.000000000000000000e+00
2.973671875000000497e+01,3.798857642714845273e+00,5.504947916682185749e-01,7.032555824954722645e-02,1.088820888759581230e-03,5.584647400802643770e-04,0.000000000000000000e+00
3.056246093750000270e+01,3.904345980088868018e+00,1.100989583336438482e+00,1.406511164990946472e-01,1.147656725541818402e-03,5.890862680695366791e-04,0.000000000000000000e+00
3.138820312500000398e+01,4.009834317462892095e+00,5.504947916628843974e-01,7.032555824886579932e-02,1.207900788413595944e-03,6.204787371044386208e-04,0.000000000000000000e+00
3.221394531250000171e+01,4.115322654836915284e+00,1.100989583331107857e+00,1.406511164984136364e-01,1.269542243947645310e-03,6.526385360425469200e-04,0.000000000000000000e+00
3.303968749999999943e+01,4.220810992210938473e+00,5.504947916695543952e-01,7.032555824971788161e-02,1.332570258716698824e-03,6.855620537414392705e-04,0.000000000000000000e+00
3.386542968749999716e+01,4.326299329584961662e+00,1.100989583331098309e+00,1.406511164984124429e-01,1.396973999293488590e-03,7.192456790586930406e-04,0.000000000000000000e+00
3.469117187500000199e+01,4.431787666958985739e+00,5.504947916695519528e-01,7.032555824971757630e-02,1.462742632250747798e-03,7.536858008518859241e-04,0.000000000000000000e+00
3.551691406249999972e+01,4.537276004333008927e+00,1.100989583333775501e+00,1.406511164987544471e-01,1.529865324161206385e-03,7.888788079785945305e-04,0.000000000000000000e+00
3.634265624999999744e+01,4.642764341707032116e+00,5.504947916668841978e-01,7.032555824937676558e-02,1.598331241597597758e-03,8.248210892963966619e-04,0.000000000000000000e+00
3.716839843750000227e+01,4.748252679081056193e+00,1.100989583336433819e+00,1.406511164990940366e-01,1.668129551132654454e-03,8.615090336628700119e-04,0.000000000000000000e+00
3.799414062500000000e+01,4.853741016455079382e+00,5.504947916602160873e-01,7.032555824852491921e-02,1.739249419339107278e-03,8.989390299355911901e-04,0.000000000000000000e+00
3.881988281249999773e+01,4.959229353829102571e+00,1.100989583331098309e+00,1.406511164984124429e-01,1.811680012789688770e-03,9.371074669721378902e-04,0.000000000000000000e+00
3.964562500000000256e+01,5.064717691203126648e+00,5.504947916655503759e-01,7.032555824920637411e-02,1.885410498057131902e-03,9.760107336300878058e-04,0.000000000000000000e+00
4.047136718750000028e+01,5.170206028577149837e+00,1.100989583325772347e+00,1.406511164977320427e-01,1.960430041714168129e-03,1.015645218767018089e-03,0.000000000000000000e+00
4.129710937499999801e+01,5.275694365951173026e+00,5.504947916682181308e-01,7.032555824954717094e-02,2.036727810333528472e-03,1.056007311240505456e-03,0.000000000000000000e+00
4.212285156250000284e+01,5.381182703325197103e+00,1.100989583331098309e+00,1.406511164984124429e-01,2.114292970487947204e-03,1.097093399908128470e-03,0.000000000000000000e+00
4.294859375000000057e+01,5.486671040699220292e+00,5.504947916602160873e-01,7.032555824852491921e-02,2.193114688750154914e-03,1.138899873627463631e-03,0.000000000000000000e+00
4.377433593749999829e+01,5.592159378073243481e+00,1.100989583341769107e+00,1.406511164997756302e-01,2.273182131692883055e-03,1.181423121256088308e-03,0.000000000000000000e+00
4.460007812500000313e+01,5.697647715447267558e+00,5.504947916682181308e-01,7.032555824954717094e-02,2.354484465888866118e-03,1.224659531651580736e-03,0.000000000000000000e+00
4.542582031250000085e+01,5.803136052821290747e+00,1.100989583331107857e+00,1.406511164984136364e-01,2.437010857910833390e-03,1.268605493671517200e-03,0.000000000000000000e+00
4.625156249999999858e+01,5.908624390195313936e+00,5.504947916655502649e-01,7.032555824920636023e-02,2.520750474331518928e-03,1.313257396173475285e-03,0.000000000000000000e+00
4.707730468750000341e+01,6.014112727569338013e+00,1.100989583320427290e+00,1.406511164970492000e-01,2.605692481723655054e-03,1.358611628015033010e-03,0.000000000000000000e+00
4.790304687500000114e+01,6.119601064943361202e+00,5.504947916762223947e-01,7.032555825056971410e-02,2.691826046659972355e-03,1.404664578053767309e-03,0.000000000000000000e+00
4.872878906249999886e+01,6.225089402317384391e+00,1.100989583320427290e+00,1.406511164970492000e-01,2.779140335713203153e-03,1.451412635147255334e-03,0.000000000000000000e+00
4.955453125000000369e+01,6.330577739691408468e+00,5.504947916762212845e-01,7.032555825056957532e-02,2.867624515456080637e-03,1.498852188153074671e-03,0.000000000000000000e+00
5.038027343750000142e+01,6.436066077065430768e+00,1.100989583320436838e+00,1.406511164970504213e-01,2.957267752461335397e-03,1.546979625928802471e-03,0.000000000000000000e+00
5.120601562499999915e+01,6.541554414439453957e+00,5.504947916602148661e-01,7.032555824852476656e-02,3.048059213301699752e-03,1.595791337332015886e-03,0.000000000000000000e+00
5.203175781250000398e+01,6.647042751813478034e+00,1.100989583352440127e+00,1.406511165011388453e-01,3.139988064549908628e-03,1.645283711220293802e-03,0.000000000000000000e+00
5.285750000000000171e+01,6.752531089187501223e+00,5.504947916762223947e-01,7.032555825056971410e-02,3.233043472778690010e-03,1.695453136451211635e-03,0.000000000000000000e+00
5.368324218749999943e+01,6.858019426561524412e+00,1.100989583309756492e+00,1.406511164956860127e-01,3.327214604560778822e-03,1.746296001882348056e-03,0.000000000000000000e+00
5.450898437500000426e+01,6.963507763935548489e+00,5.504947916708857747e-01,7.032555824988796778e-02,3.422490626468906953e-03,1.797808696371280433e-03,0.000000000000000000e+00
5.533472656250000199e+01,7.068996101309571678e+00,1.100989583341778655e+00,1.406511164997768515e-01,3.518860705075804556e-03,1.849987608775584833e-03,0.000000000000000000e+00
5.616046874999999972e+01,7.174484438683594867e+00,5.504947916602148661e-01,7.032555824852476656e-02,3.616314006954204820e-03,1.902829127952839492e-03,0.000000000000000000e+00
5.698621093750000455e+01,7.279972776057618944e+00,1.100989583363110924e+00,1.406511165025020327e-01,3.714839698676840069e-03,1.956329642760621778e-03,0.000000000000000000e+00
5.781195312500000227e+01,7.385461113431642133e+00,5.504947916548805775e-01,7.032555824784331167e-02,3.814426946816442624e-03,2.010485542056509277e-03,0.000000000000000000e+00
5.863769531250000000e+01,7.490949450805665322e+00,1.100989583363110924e+00,1.406511165025020327e-01,3.915064917945743940e-03,2.065293214698078490e-03,0.000000000000000000e+00
5.946343750000000483e+01,7.596437788179689399e+00,5.504947916602149771e-01,7.032555824852478044e-02,4.016742778637476773e-03,2.120749049542908302e-03,0.000000000000000000e+00
6.028917968750000256e+01,7.701926125553712588e+00,1.100989583320436838e+00,1.406511164970504213e-01,4.119449695464372577e-03,2.176849435448574132e-03,0.000000000000000000e+00
6.111492187500000028e+01,7.807414462927735777e+00,5.504947916922275919e-01,7.032555825261438409e-02,4.223174834999163241e-03,2.233590761272654431e-03,0.000000000000000000e+00
6.194066406250000512e+01,7.912902800301759854e+00,1.100989583341769107e+00,1.406511164997756302e-01,4.327907363814581521e-03,2.290969415872727653e-03,0.000000000000000000e+00
6.276640625000000284e+01,8.018391137675783042e+00,5.504947916495439575e-01,7.032555824716155146e-02,4.433636448483359305e-03,2.348981788106368779e-03,0.000000000000000000e+00
6.359214843750000057e+01,8.123879475049806231e+00,1.100989583341759781e+00,1.406511164997744368e-01,4.540351255578228482e-03,2.407624266831157132e-03,0.000000000000000000e+00
6.441789062500001251e+01,8.229367812423831197e+00,5.504947916708822220e-01,7.032555824988750981e-02,4.648040951671922674e-03,2.466893240904669427e-03,0.000000000000000000e+00
6.524363281250001023e+01,8.334856149797854385e+00,1.100989583363120472e+00,1.406511165025032539e-01,4.756694703337171169e-03,2.526785099184481950e-03,0.000000000000000000e+00
6.606937500000000796e+01,8.440344487171877574e+00,5.504947916708893274e-01,7.032555824988842574e-02,4.866301677146708457e-03,2.587296230528173587e-03,0.000000000000000000e+00
6.689511718750000568e+01,8.545832824545900763e+00,1.100989583341778655e+00,1.406511164997768515e-01,4.976851039673264691e-03,2.648423023793321056e-03,0.000000000000000000e+00
6.772085937500000341e+01,8.651321161919923952e+00,5.504947916495404048e-01,7.032555824716110737e-02,5.088331957489571761e-03,2.710161867837501508e-03,0.000000000000000000e+00
6.854660156250001535e+01,8.756809499293948917e+00,1.100989583299076147e+00,1.406511164943216041e-01,5.200733597168365890e-03,2.772509151518293396e-03,0.000000000000000000e+00
6.937234375000001307e+01,8.862297836667972106e+00,5.504947916815579045e-01,7.032555825125132165e-02,5.314045125282374632e-03,2.835461263693273004e-03,0.000000000000000000e+00
7.019808593750001080e+01,8.967786174041995295e+00,1.100989583320436838e+00,1.406511164970504213e-01,5.428255708404330741e-03,2.899014593220017484e-03,0.000000000000000000e+00
7.102382812500000853e+01,9.073274511416018484e+00,5.504947916708893274e-01,7.032555824988842574e-02,5.543354513106967842e-03,2.963165528956105289e-03,0.000000000000000000e+00
7.184957031250000625e+01,9.178762848790041673e+00,1.100989583341778655e+00,1.406511164997768515e-01,5.659330705963017821e-03,3.027910459759112702e-03,0.000000000000000000e+00
7.267531250000000398e+01,9.284251186164064862e+00,5.504947916281985876e-01,7.032555824443469106e-02,5.776173453545210834e-03,3.093245774486617309e-03,0.000000000000000000e+00
7.350105468750001592e+01,9.389739523538089827e+00,1.100989583384443415e+00,1.406511165052272416e-01,5.893871922426283105e-03,3.159167861996198430e-03,0.000000000000000000e+00
7.432679687500001364e+01,9.495227860912113016e+00,5.504947916388742701e-01,7.032555824579850290e-02,6.012415279178963054e-03,3.225673111145430181e-03,0.000000000000000000e+00
7.515253906250001137e+01,9.600716198286136205e+00,1.100989583341778655e+00,1.406511164997768515e-01,6.131792690375983436e-03,3.292757910791891882e-03,0.000000000000000000e+00
7.597828125000000909e+01,9.706204535660159394e+00,5.504947916495475102e-01,7.032555824716200943e-02,6.251993322590076139e-03,3.360418649793160250e-03,0.000000000000000000e+00
7.680402343750000682e+01,9.811692873034182583e+00,1.100989583384462289e+00,1.406511165052296564e-01,6.373006342393975655e-03,3.428651717006813739e-03,0.000000000000000000e+00
7.762976562500000455e+01,9.917181210408205772e+00,5.504947916922240392e-01,7.032555825261392612e-02,6.494820916360409535e-03,3.497453501290427764e-03,0.000000000000000000e+00
7.845550781250001648e+01,1.002266954778223074e+01,1.100989583299076147e+00,1.406511164943216041e-01,6.617426211062116606e-03,3.566820391501582081e-03,0.000000000000000000e+00
7.928125000000001421e+01,1.012815788515625393e+01,5.504947917135705193e-01,7.032555825534092531e-02,6.740811393071820951e-03,3.636748776497851238e-03,0.000000000000000000e+00
8.010699218750001194e+01,1.023364622253027711e+01,1.100989583384462289e+00,1.406511165052296564e-01,6.864965628962260528e-03,3.707235045136815423e-03,0.000000000000000000e+00
8.093273437500000966e+01,1.033913455990430030e+01,5.504947916282056930e-01,7.032555824443559311e-02,6.989878085306163759e-03,3.778275586276050053e-03,0.000000000000000000e+00
8.175847656250000739e+01,1.044462289727832349e+01,1.100989583384462289e+00,1.406511165052296564e-01,7.115537928676266867e-03,3.849866788773133146e-03,0.000000000000000000e+00
8.258421875000000512e+01,1.055011123465234668e+01,5.504947916281985876e-01,7.032555824443469106e-02,7.241934325645298272e-03,3.922005041485642288e-03,0.000000000000000000e+00
8.340996093750001705e+01,1.065559957202637165e+01,1.100989583341759781e+00,1.406511164997744368e-01,7.369056442785992464e-03,3.994686733271155497e-03,0.000000000000000000e+00
8.423570312500001478e+01,1.076108790940039484e+01,5.504947916495451787e-01,7.032555824716171800e-02,7.496893446671079597e-03,4.067908252987247758e-03,0.000000000000000000e+00
8.506144531250001251e+01,1.086657624677441802e+01,1.100989583341778655e+00,1.406511164997768515e-01,7.625434503873293295e-03,4.141665989491497522e-03,0.000000000000000000e+00
8.588718750000001023e+01,1.097206458414844121e+01,5.504947917135729618e-01,7.032555825534124450e-02,7.754668780965361975e-03,4.215956331641484110e-03,0.000000000000000000e+00
8.671292968750000796e+01,1.107755292152246440e+01,1.100989583341778655e+00,1.406511164997768515e-01,7.884585444520024466e-03,4.290775668294782505e-03,0.000000000000000000e+00
8.753867187500000568e+01,1.118304125889648759e+01,5.504947916708822220e-01,7.032555824988750981e-02,8.015173661110007453e-03,4.366120388308971159e-03,0.000000000000000000e+00
8.836441406250001762e+01,1.128852959627051256e+01,1.100989583427126828e+00,1.406511165106800465e-01,8.146422597308047159e-03,4.441986880541627658e-03,0.000000000000000000e+00
8.919015625000001535e+01,1.139401793364453574e+01,5.504947916282033615e-01,7.032555824443530168e-02,8.278321419686872004e-03,4.518371533850328720e-03,0.000000000000000000e+00
9.001589843750001307e+01,1.149950627101855893e+01,1.100989583256411386e+00,1.406511164888711862e-01,8.410859294819212142e-03,4.595270737092650194e-03,0.000000000000000000e+00
9.084164062500001080e+01,1.160499460839258212e+01,5.504947916495475102e-01,7.032555824716200943e-02,8.544025389277802932e-03,4.672680879126173137e-03,0.000000000000000000e+00
9.166738281250000853e+01,1.171048294576660531e+01,1.100989583341778655e+00,1.406511164997768515e-01,8.677808869635381464e-03,4.750598348808472531e-03,0.000000000000000000e+00
9.249312500000000625e+01,1.181597128314062850e+01,5.504947916922240392e-01,7.032555825261392612e-02,8.812198902464669220e-03,4.829019534997125961e-03,0.000000000000000000e+00
9.331886718750001819e+01,1.192145962051465347e+01,1.100989583341759781e+00,1.406511164997744368e-01,8.947184654338406762e-03,4.907940826549711012e-03,0.000000000000000000e+00
9.414460937500001592e+01,1.202694795788867665e+01,5.504947917989377881e-01,7.032555826624657669e-02,9.082755291829324243e-03,4.987358612323804403e-03,0.000000000000000000e+00
9.497035156250001364e+01,1.213243629526269984e+01,1.100989583341778655e+00,1.406511164997768515e-01,9.218899981510148348e-03,5.067269281176984587e-03,0.000000000000000000e+00
9.579609375000001137e+01,1.223792463263672303e+01,5.504947916282056930e-01,7.032555824443559311e-02,9.355607889953617903e-03,5.147669221966827413e-03,0.000000000000000000e+00
9.662183593750000909e+01,1.234341297001074622e+01,1.100989583427145924e+00,1.406511165106824890e-01,9.492868183732463064e-03,5.228554823550912202e-03,0.000000000000000000e+00
9.744757812500000682e+01,1.244890130738476941e+01,5.504947916708822220e-01,7.032555824988750981e-02,9.630670029419415717e-03,5.309922474786813937e-03,0.000000000000000000e+00
9.827332031250001876e+01,1.255438964475879438e+01,1.100989583171025243e+00,1.406511164779631340e-01,9.769002593587209488e-03,5.391768564532115407e-03,0.000000000000000000e+00
9.909906250000001648e+01,1.265987798213281756e+01,5.504947917135705193e-01,7.032555825534092531e-02,9.907855042808571058e-03,5.474089481644386392e-03,0.000000000000000000e+00
9.992480468750001421e+01,1.276536631950684075e+01,1.100989583256411386e+00,1.406511164888711862e-01,1.004721654365623752e-02,5.556881614981208813e-03,0.000000000000000000e+00
1.007505468750000119e+02,1.287085465688086394e+01,5.504947917135729618e-01,7.032555825534124450e-02,1.018707626270293903e-02,5.640141353400158521e-03,0.000000000000000000e+00
1.015762890625000097e+02,1.297634299425488713e+01,1.100989583341778655e+00,1.406511164997768515e-01,1.032742336652140575e-02,5.723865085758813101e-03,0.000000000000000000e+00
1.024020312500000074e+02,1.308183133162891032e+01,5.504947915855149532e-01,7.032555823898187231e-02,1.046824702168437649e-02,5.808049200914751874e-03,0.000000000000000000e+00
1.032277734375000193e+02,1.318731966900293529e+01,1.100989583427126828e+00,1.406511165106800465e-01,1.060953639476457967e-02,5.892690087725550689e-03,0.000000000000000000e+00
1.040535156250000171e+02,1.329280800637695847e+01,5.504947915428362037e-01,7.032555823352966418e-02,1.075128065233474546e-02,5.977784135048785398e-03,0.000000000000000000e+00
1.048792578125000148e+02,1.339829634375098166e+01,1.100989583427145924e+00,1.406511165106824890e-01,1.089346896096760574e-02,6.063327731742034453e-03,0.000000000000000000e+00
1.057050000000000125e+02,1.350378468112500485e+01,5.504947916708893274e-01,7.032555824988842574e-02,1.103609048723589413e-02,6.149317266662876307e-03,0.000000000000000000e+00
1.065307421875000102e+02,1.360927301849902804e+01,1.100989583256411386e+00,1.406511164888711862e-01,1.117913439771234252e-02,6.235749128668885942e-03,0.000000000000000000e+00
1.073564843750000080e+02,1.371476135587305123e+01,5.504947917989377881e-01,7.032555826624657669e-02,1.132258985896968280e-02,6.322619706617642679e-03,0.000000000000000000e+00
1.081822265625000057e+02,1.382024969324707442e+01,1.100989583171025243e+00,1.406511164779631340e-01,1.146644603758065033e-02,6.409925389366725838e-03,0.000000000000000000e+00
1.090079687500000176e+02,1.392573803062109938e+01,5.504947917562494908e-01,7.032555826079316119e-02,1.161069210011797699e-02,6.497662565773710402e-03,0.000000000000000000e+00
1.098337109375000153e+02,1.403122636799512257e+01,1.100989583171044339e+00,1.406511164779655765e-01,1.175531721315438601e-02,6.585827624696171355e-03,0.000000000000000000e+00
1.106594531250000131e+02,1.413671470536914576e+01,5.504947915428385352e-01,7.032555823352996949e-02,1.190031054326261793e-02,6.674416954991689750e-03,0.000000000000000000e+00
1.114851953125000108e+02,1.424220304274316895e+01,1.100989583341778655e+00,1.406511164997768515e-01,1.204566125701540466e-02,6.763426945517842306e-03,0.000000000000000000e+00
1.123109375000000085e+02,1.434769138011719214e+01,5.504947915855198382e-01,7.032555823898249681e-02,1.219135852098547114e-02,6.852853985132204007e-03,0.000000000000000000e+00
1.131366796875000063e+02,1.445317971749121533e+01,1.100989583341759781e+00,1.406511164997744368e-01,1.233739150174555620e-02,6.942694462692353304e-03,0.000000000000000000e+00
1.139624218750000182e+02,1.455866805486524029e+01,5.504947919269839174e-01,7.032555828260443620e-02,1.248374936586839345e-02,7.032944767055872987e-03,0.000000000000000000e+00
1.147881640625000159e+02,1.466415639223926171e+01,1.100989583427145924e+00,1.406511165106824890e-01,1.263042127992670786e-02,7.123601287080330233e-03,0.000000000000000000e+00
1.156139062500000136e+02,1.476964472961328489e+01,5.504947916708893274e-01,7.032555824988842574e-02,1.277739641049323478e-02,7.214660411623308699e-03,0.000000000000000000e+00
1.164396484375000114e+02,1.487513306698730808e+01,1.100989583171044339e+00,1.406511164779655765e-01,1.292466392414071304e-02,7.306118529542386837e-03,0.000000000000000000e+00
1.172653906250000091e+02,1.498062140436133127e+01,5.504947914574689349e-01,7.032555822262402667e-02,1.307221298744186411e-02,7.397972029695138764e-03,0.000000000000000000e+00
1.180911328125000068e+02,1.508610974173535446e+01,1.100989583000290706e+00,1.406511164561518590e-01,1.322003276696942682e-02,7.490217300939143799e-03,0.000000000000000000e+00
1.189168750000000188e+02,1.519159807910937943e+01,5.504947915855149532e-01,7.032555823898187231e-02,1.336811242929613133e-02,7.582850732131979528e-03,0.000000000000000000e+00
1.197426171875000165e+02,1.529708641648340262e+01,1.100989583341778655e+00,1.406511164997768515e-01,1.351644114099470780e-02,7.675868712131221801e-03,0.000000000000000000e+00
1.205683593750000142e+02,1.540257475385742580e+01,5.504947915855220586e-01,7.032555823898277436e-02,1.366500806863788810e-02,7.769267629794449070e-03,0.000000000000000000e+00
1.213941015625000119e+02,1.550806309123144899e+01,1.100989583341778655e+00,1.406511164997768515e-01,1.381380237879840760e-02,7.863043873979238055e-03,0.000000000000000000e+00
1.222198437500000097e+02,1.561355142860547218e+01,5.504947915855197271e-01,7.032555823898248293e-02,1.396281323804900165e-02,7.957193833543164604e-03,0.000000000000000000e+00
1.230455859375000074e+02,1.571903976597949537e+01,1.100989583512494097e+00,1.406511165215856840e-01,1.411202981296239174e-02,8.051713897343808907e-03,0.000000000000000000e+00
1.238713281250000193e+02,1.582452810335352034e+01,5.504947916708822220e-01,7.032555824988750981e-02,1.426144127011132190e-02,8.146600454238747679e-03,0.000000000000000000e+00
1.246970703125000171e+02,1.593001644072754353e+01,1.100989583341778655e+00,1.406511164997768515e-01,1.441103677606851707e-02,8.241849893085557641e-03,0.000000000000000000e+00
1.255228125000000148e+02,1.603550477810156849e+01,5.504947915855221696e-01,7.032555823898278824e-02,1.456080549740670915e-02,8.337458602741817243e-03,0.000000000000000000e+00
1.263485546875000125e+02,1.614099311547559168e+01,1.100989583000309802e+00,1.406511164561543015e-01,1.471073660069862829e-02,8.433422972065101469e-03,0.000000000000000000e+00
1.271742968750000102e+02,1.624648145284961487e+01,5.504947916708893274e-01,7.032555824988842574e-02,1.486081925251700811e-02,8.529739389912988773e-03,0.000000000000000000e+00
1.280000390625000080e+02,1.635196979022363806e+01,1.100989583341778655e+00,1.406511164997768515e-01,1.501104261943458744e-02,8.626404245143057606e-03,0.000000000000000000e+00
1.288257812500000057e+02,1.645745812759766125e+01,5.504947916708893274e-01,7.032555824988842574e-02,1.516139586802409296e-02,8.723413926612884686e-03,0.000000000000000000e+00
1.296515234375000034e+02,1.656294646497168443e+01,1.100989583171044339e+00,1.406511164779655765e-01,1.531186816485825657e-02,8.820764823180046732e-03,0.000000000000000000e+00
1.304772656250000011e+02,1.666843480234570762e+01,5.504947917562565962e-01,7.032555826079406325e-02,1.546244867650981188e-02,8.918453323702122196e-03,0.000000000000000000e+00
1.313030078124999989e+02,1.677392313971973081e+01,1.100989583171044339e+00,1.406511164779655765e-01,1.561312656955149078e-02,9.016475817036687795e-03,0.000000000000000000e+00
1.321287499999999966e+02,1.687941147709375400e+01,5.504947917562565962e-01,7.032555826079406325e-02,1.576389101055602343e-02,9.114828692041321984e-03,0.000000000000000000e+00
1.329544921874999943e+02,1.698489981446777719e+01,1.100989583512513192e+00,1.406511165215881265e-01,1.591473116609614172e-02,9.213508337573598009e-03,0.000000000000000000e+00
1.337802343749999920e+02,1.709038815184180038e+01,5.504947915001549008e-01,7.032555822807715074e-02,1.606563620274457579e-02,9.312511142491097793e-03,0.000000000000000000e+00
1.346059765624999898e+02,1.719587648921582357e+01,1.100989583171044339e+00,1.406511164779655765e-01,1.621659528707406622e-02,9.411833495651398054e-03,0.000000000000000000e+00
1.354317187499999875e+02,1.730136482658984676e+01,5.504947916708751166e-01,7.032555824988660775e-02,1.636759758565733969e-02,9.511471785912075511e-03,0.000000000000000000e+00
1.362574609375000136e+02,1.740685316396387350e+01,1.100989583171006370e+00,1.406511164779607193e-01,1.651863226506713675e-02,9.611422402130708614e-03,0.000000000000000000e+00
1.370832031250000114e+02,1.751234150133789669e+01,5.504947917562519333e-01,7.032555826079346650e-02,1.666968849187617022e-02,9.711681733164874084e-03,0.000000000000000000e+00
1.379089453125000091e+02,1.761782983871191988e+01,1.100989583341778655e+00,1.406511164997768515e-01,1.682075543265718759e-02,9.812246167872146901e-03,0.000000000000000000e+00
1.387346875000000068e+02,1.772331817608594307e+01,5.504947915855221696e-01,7.032555823898278824e-02,1.697182225398291208e-02,9.913112095110103786e-03,0.000000000000000000e+00
1.395604296875000045e+02,1.782880651345996625e+01,1.100989583341778655e+00,1.406511164997768515e-01,1.712287812242608426e-02,1.001427590373632839e-02,0.000000000000000000e+00
1.403861718750000023e+02,1.793429485083398944e+01,5.504947916708893274e-01,7.032555824988842574e-02,1.727391220455943080e-02,1.011573398260839224e-02,0.000000000000000000e+00
1.412119140625000000e+02,1.803978318820801263e+01,1.100989583512513192e+00,1.406511165215881265e-01,1.742491366695568533e-02,1.021748272058387551e-02,0.000000000000000000e+00
1.420376562499999977e+02,1.814527152558203582e+01,5.504947916708893274e-01,7.032555824988842574e-02,1.757587167618758148e-02,1.031951850652035492e-02,0.000000000000000000e+00
1.428633984374999955e+02,1.825075986295605901e+01,1.100989583341778655e+00,1.406511164997768515e-01,1.772677539882784939e-02,1.042183772927540546e-02,0.000000000000000000e+00
1.436891406249999932e+02,1.835624820033008220e+01,5.504947918416238650e-01,7.032555827169971463e-02,1.787761400144922269e-02,1.052443677770660731e-02,0.000000000000000000e+00
1.445148828124999909e+02,1.846173653770410539e+01,1.100989583512513192e+00,1.406511165215881265e-01,1.802837665062442807e-02,1.062731204067153892e-02,0.000000000000000000e+00
1.453406249999999886e+02,1.856722487507812858e+01,5.504947916708751166e-01,7.032555824988660775e-02,1.817905251292620261e-02,1.073045990702777529e-02,0.000000000000000000e+00
1.461663671875000148e+02,1.867271321245215532e+01,1.100989583341740907e+00,1.406511164997720220e-01,1.832963075492728341e-02,1.083387676563289832e-02,0.000000000000000000e+00
1.469921093750000125e+02,1.877820154982617851e+01,5.504947917562518223e-01,7.032555826079345263e-02,1.848010054320039716e-02,1.093755900534447781e-02,0.000000000000000000e+00
1.478178515625000102e+02,1.888368988720020170e+01,1.100989583512513192e+00,1.406511165215881265e-01,1.863045104431827054e-02,1.104150301502009567e-02,0.000000000000000000e+00
1.486435937500000080e+02,1.898917822457422488e+01,5.504947914147876320e-01,7.032555821717149935e-02,1.878067142485364063e-02,1.114570518351732514e-02,0.000000000000000000e+00
1.494693359375000057e+02,1.909466656194824807e+01,1.100989583512513192e+00,1.406511165215881265e-01,1.893075085137924107e-02,1.125016189969375163e-02,0.000000000000000000e+00
1.502950781250000034e+02,1.920015489932227126e+01,5.504947915855220586e-01,7.032555823898277436e-02,1.908067849046779854e-02,1.135486955240694318e-02,0.000000000000000000e+00
1.511208203125000011e+02,1.930564323669629445e+01,1.100989583512513192e+00,1.406511165215881265e-01,1.923044350869205360e-02,1.145982453051448517e-02,0.000000000000000000e+00
1.519465624999999989e+02,1.941113157407031764e+01,5.504947917562565962e-01,7.032555826079406325e-02,1.938003507262473293e-02,1.156502322287394739e-02,0.000000000000000000e+00
1.527723046874999966e+02,1.951661991144434083e+01,1.100989583171044339e+00,1.406511164779655765e-01,1.952944234883856670e-02,1.167046201834291523e-02,0.000000000000000000e+00
1.535980468749999943e+02,1.962210824881836402e+01,5.504947917562565962e-01,7.032555826079406325e-02,1.967865450390628851e-02,1.177613730577895847e-02,0.000000000000000000e+00
1.544237890624999920e+02,1.972759658619238721e+01,1.100989582829575264e+00,1.406511164343429987e-01,1.982766070440063894e-02,1.188204547403966249e-02,0.000000000000000000e+00
1.552495312499999898e+02,1.983308492356641040e+01,5.504947915855078477e-01,7.032555823898095637e-02,1.997645011689434466e-02,1.198818291198259882e-02,0.000000000000000000e+00
1.560752734375000159e+02,1.993857326094043714e+01,1.100989584195413151e+00,1.406511166088284248e-01,2.012501190796012890e-02,1.209454600846534590e-02,0.000000000000000000e+00
1.569010156250000136e+02,2.004406159831446033e+01,5.504947917562519333e-01,7.032555826079346650e-02,2.027333524417073915e-02,1.220113115234548566e-02,0.000000000000000000e+00
1.577267578125000114e+02,2.014954993568848352e+01,1.100989583512513192e+00,1.406511165215881265e-01,2.042140929209888475e-02,1.230793473248058441e-02,0.000000000000000000e+00
1.585525000000000091e+02,2.025503827306250670e+01,5.504947915855220586e-01,7.032555823898277436e-02,2.056922321831732708e-02,1.241495313772823274e-02,0.000000000000000000e+00
1.593782421875000068e+02,2.036052661043652989e+01,1.100989583512513192e+00,1.406511165215881265e-01,2.071676618939877548e-02,1.252218275694599696e-02,0.000000000000000000e+00
1.602039843750000045e+02,2.046601494781055308e+01,5.504947919269910228e-01,7.032555828260533826e-02,2.086402737191596704e-02,1.262961997899145900e-02,0.000000000000000000e+00
1.610297265625000023e+02,2.057150328518457627e+01,1.100989583512513192e+00,1.406511165215881265e-01,2.101099593244164232e-02,1.273726119272219556e-02,0.000000000000000000e+00
1.618554687500000000e+02,2.067699162255859946e+01,5.504947912440532054e-01,7.032555819536022435e-02,2.115766103754852800e-02,1.284510278699578685e-02,0.000000000000000000e+00
1.626812109374999977e+02,2.078247995993262265e+01,1.100989582829575264e+00,1.406511164343429987e-01,2.130401185380935078e-02,1.295314115066980784e-02,0.000000000000000000e+00
1.635069531249999955e+02,2.088796829730664584e+01,5.504947917562565962e-01,7.032555826079406325e-02,2.145003754779685468e-02,1.306137267260183872e-02,0.000000000000000000e+00
1.643326953124999932e+02,2.099345663468066903e+01,1.100989583512513192e+00,1.406511165215881265e-01,2.159572728608375944e-02,1.316979374164945274e-02,0.000000000000000000e+00
1.651584374999999909e+02,2.109894497205469222e+01,5.504947914147828580e-01,7.032555821717088873e-02,2.174107023524280216e-02,1.327840074667022488e-02,0.000000000000000000e+00
1.659841796874999886e+02,2.120443330942871540e+01,1.100989583171006370e+00,1.406511164779607193e-01,2.188605556184671647e-02,1.338719007652173880e-02,0.000000000000000000e+00
1.668099218750000148e+02,2.130992164680274215e+01,5.504947919269768120e-01,7.032555828260352027e-02,2.203067243246824639e-02,1.349615812006157815e-02,0.000000000000000000e+00
1.676356640625000125e+02,2.141540998417676533e+01,1.100989582829575264e+00,1.406511164343429987e-01,2.217491001368009779e-02,1.360530126614730231e-02,0.000000000000000000e+00
1.684614062500000102e+02,2.152089832155078852e+01,5.504947910733186678e-01,7.032555817354893546e-02,2.231875747205502164e-02,1.371461590363650014e-02,0.000000000000000000e+00
1.692871484375000080e+02,2.162638665892481171e+01,1.100989583171044339e+00,1.406511164779655765e-01,2.246220397416573769e-02,1.382409842138674835e-02,0.000000000000000000e+00
1.701128906250000057e+02,2.173187499629883490e+01,5.504947914147876320e-01,7.032555821717149935e-02,2.260523868658498650e-02,1.393374520825562020e-02,0.000000000000000000e+00
1.709386328125000034e+02,2.183736333367285809e+01,1.100989584195451121e+00,1.406511166088332543e-01,2.274785077588550516e-02,1.404355265310070107e-02,0.000000000000000000e+00
1.717643750000000011e+02,2.194285167104688128e+01,5.504947920977255604e-01,7.032555830441662714e-02,2.289002940864000996e-02,1.415351714477955380e-02,0.000000000000000000e+00
1.725901171874999989e+02,2.204834000842090447e+01,1.100989583171044339e+00,1.406511164779655765e-01,2.303176375142124491e-02,1.426363507214977074e-02,0.000000000000000000e+00
1.734158593749999966e+02,2.215382834579492766e+01,5.504947920977255604e-01,7.032555830441662714e-02,2.317304297080194364e-02,1.437390282406892338e-02,0.000000000000000000e+00
1.742416015624999943e+02,2.225931668316895085e+01,1.100989582829575264e+00,1.406511164343429987e-01,2.331385623335483284e-02,1.448431678939458497e-02,0.000000000000000000e+00
1.750673437499999920e+02,2.236480502054297403e+01,5.504947914147828580e-01,7.032555821717088873e-02,2.345419270565264613e-02,1.459487335698434439e-02,0.000000000000000000e+00
1.758930859374999898e+02,2.247029335791699722e+01,1.100989582829537516e+00,1.406511164343381692e-01,2.359404155426811367e-02,1.470556891569576620e-02,0.000000000000000000e+00
1.767188281250000159e+02,2.257578169529102396e+01,5.504947915855078477e-01,7.032555823898095637e-02,2.373339194577396560e-02,1.481639985438643926e-02,0.000000000000000000e+00
1.775445703125000136e+02,2.268127003266504715e+01,1.100989583171044339e+00,1.406511164779655765e-01,2.387223304674294250e-02,1.492736256191393336e-02,0.000000000000000000e+00
1.783703125000000114e+02,2.278675837003907034e+01,5.504947912440532054e-01,7.032555819536022435e-02,2.401055402374777104e-02,1.503845342713582521e-02,0.000000000000000000e+00
1.791960546875000091e+02,2.289224670741309353e+01,1.100989583171044339e+00,1.406511164779655765e-01,2.414834404336118484e-02,1.514966883890969153e-02,0.000000000000000000e+00
1.800217968750000068e+02,2.299773504478711672e+01,5.504947915855220586e-01,7.032555823898277436e-02,2.428559227215591407e-02,1.526100518609311597e-02,0.000000000000000000e+00
1.808475390625000045e+02,2.310322338216113991e+01,1.100989583512513192e+00,1.406511165215881265e-01,2.442228787670468887e-02,1.537245885754366832e-02,0.000000000000000000e+00
1.816732812500000023e+02,2.320871171953516310e+01,5.504947915855220586e-01,7.032555823898277436e-02,2.455842002358024287e-02,1.548402624211893570e-02,0.000000000000000000e+00
1.824990234375000000e+02,2.331420005690918629e+01,1.100989582488106411e+00,1.406511163907204487e-01,2.469397787935530622e-02,1.559570372867648616e-02,0.000000000000000000e+00
1.833247656249999977e+02,2.341968839428320948e+01,5.504947920977254494e-01,7.032555830441661326e-02,2.482895061060262296e-02,1.570748770607390335e-02,0.000000000000000000e+00
1.841505078124999955e+02,2.352517673165723266e+01,1.100989583512513192e+00,1.406511165215881265e-01,2.496332738389491282e-02,1.581937456316875532e-02,0.000000000000000000e+00
1.849762499999999932e+02,2.363066506903125585e+01,5.504947912440484314e-01,7.032555819535961372e-02,2.509709736580490250e-02,1.593136068881863265e-02,0.000000000000000000e+00
1.858019921874999909e+02,2.373615340640527904e+01,1.100989583512475223e+00,1.406511165215832693e-01,2.523024972290534643e-02,1.604344247188110514e-02,0.000000000000000000e+00
1.866277343750000171e+02,2.384164174377930578e+01,5.504947917562423854e-01,7.032555826079224526e-02,2.536277362176896782e-02,1.615561630121375644e-02,0.000000000000000000e+00
1.874534765625000148e+02,2.394713008115332897e+01,1.100989582829575264e+00,1.406511164343429987e-01,2.549465822896848297e-02,1.626787856567415286e-02,0.000000000000000000e+00
1.882792187500000125e+02,2.405261841852735216e+01,5.504947920977254494e-01,7.032555830441661326e-02,2.562589271107663588e-02,1.638022565411987805e-02,0.000000000000000000e+00
1.891049609375000102e+02,2.415810675590137535e+01,1.100989582146637336e+00,1.406511163470978709e-01,2.575646623466616367e-02,1.649265395540851220e-02,0.000000000000000000e+00
1.899307031250000080e+02,2.426359509327539854e+01,5.504947924391944136e-01,7.032555834803917716e-02,2.588636796630977913e-02,1.660515985839762163e-02,0.000000000000000000e+00
1.907564453125000057e+02,2.436908343064941818e+01,1.100989582829575264e+00,1.406511164343429987e-01,2.601558707258023323e-02,1.671773975194479345e-02,0.000000000000000000e+00
1.915821875000000034e+02,2.447457176802344136e+01,5.504947917562565962e-01,7.032555826079406325e-02,2.614411272005025960e-02,1.683039002490760785e-02,0.000000000000000000e+00
1.924079296875000011e+02,2.458006010539746455e+01,1.100989584195451121e+00,1.406511166088332543e-01,2.627193407529257799e-02,1.694310706614363116e-02,0.000000000000000000e+00
1.932336718749999989e+02,2.468554844277148774e+01,5.504947914147876320e-01,7.032555821717149935e-02,2.639904030487993242e-02,1.705588726451045395e-02,0.000000000000000000e+00
1.940594140624999966e+02,2.479103678014551093e+01,1.100989582146637336e+00,1.406511163470978709e-01,2.652542057538504264e-02,1.716872700886564254e-02,0.000000000000000000e+00
1.948851562499999943e+02,2.489652511751953412e+01,5.504947917562518223e-01,7.032555826079345263e-02,2.665106405338065268e-02,1.728162268806678059e-02,0.000000000000000000e+00
1.957108984374999920e+02,2.500201345489355731e+01,1.100989584195413151e+00,1.406511166088284248e-01,2.677595990543948229e-02,1.739457069097143788e-02,0.000000000000000000e+00
1.965366406250000182e+02,2.510750179226758405e+01,5.504947914147734211e-01,7.032555821716968136e-02,2.690009729813427203e-02,1.750756740643720499e-02,0.000000000000000000e+00
1.973623828125000159e+02,2.521299012964160724e+01,1.100989583512513192e+00,1.406511165215881265e-01,2.702346539803775552e-02,1.762060922332165172e-02,0.000000000000000000e+00
1.981881250000000136e+02,2.531847846701563043e+01,5.504947910733186678e-01,7.032555817354893546e-02,2.714605337172265598e-02,1.773369253048235131e-02,0.000000000000000000e+00
1.990138671875000114e+02,2.542396680438965362e+01,1.100989583512513192e+00,1.406511165215881265e-01,2.726785038576171050e-02,1.784681371677688394e-02,0.000000000000000000e+00
1.998396093750000091e+02,2.552945514176367681e+01,5.504947920977254494e-01,7.032555830441661326e-02,2.738884560672765964e-02,1.795996917106282981e-02,0.000000000000000000e+00
2.006653515625000068e+02,2.563494347913770000e+01,1.100989582829575264e+00,1.406511164343429987e-01,2.750902820119321621e-02,1.807315528219776216e-02,0.000000000000000000e+00
2.014910937500000045e+02,2.574043181651172318e+01,5.504947914147876320e-01,7.032555821717149935e-02,2.762838733573113117e-02,1.818636843903926117e-02,0.000000000000000000e+00
2.023168359375000023e+02,2.584592015388574637e+01,1.100989582829575264e+00,1.406511164343429987e-01,2.774691217691412776e-02,1.829960503044490358e-02,0.000000000000000000e+00
2.031425781250000000e+02,2.595140849125976956e+01,5.504947920977254494e-01,7.032555830441661326e-02,2.786459189131493958e-02,1.841286144527226609e-02,0.000000000000000000e+00
2.039683203124999977e+02,2.605689682863379275e+01,1.100989583512513192e+00,1.406511165215881265e-01,2.798141564550628985e-02,1.852613407237892890e-02,0.000000000000000000e+00
2.047940624999999955e+02,2.616238516600781594e+01,5.504947920977207865e-01,7.032555830441601652e-02,2.809737260606092260e-02,1.863941930062246177e-02,0.000000000000000000e+00
2.056198046874999932e+02,2.626787350338183913e+01,1.100989582146599588e+00,1.406511163470930414e-01,2.821245193955156452e-02,1.875271351886045185e-02,0.000000000000000000e+00
2.064455468750000193e+02,2.637336184075586587e+01,5.504947917562423854e-01,7.032555826079224526e-02,2.832664281255095964e-02,1.886601311595047931e-02,0.000000000000000000e+00
2.072712890625000171e+02,2.647885017812988906e+01,1.100989583512513192e+00,1.406511165215881265e-01,2.843993439163182424e-02,1.897931448075010699e-02,0.000000000000000000e+00
2.080970312500000148e+02,2.658433851550391225e+01,5.504947917562565962e-01,7.032555826079406325e-02,2.855231584336689193e-02,1.909261400211692203e-02,0.000000000000000000e+00
2.089227734375000125e+02,2.668982685287793544e+01,1.100989583512513192e+00,1.406511165215881265e-01,2.866377633432889982e-02,1.920590806890849767e-02,0.000000000000000000e+00
2.097485156250000102e+02,2.679531519025195863e+01,5.504947917562565962e-01,7.032555826079406325e-02,2.877430503109058846e-02,1.931919306998241409e-02,0.000000000000000000e+00
2.105742578125000080e+02,2.690080352762598181e+01,1.100989582829575264e+00,1.406511164343429987e-01,2.888389110022467759e-02,1.943246539419625496e-02,0.000000000000000000e+00
2.114000000000000057e+02,2.700629186500000500e+01,2.752473958781282981e-01,3.516277913039703162e-02,2.899252370830389738e-02,1.954572143040757964e-02,0.000000000000000000e+00
